protein_id,sequence,seq_len,mean_plddt,model_entity_id,provider_id,tool_used,latest_version,fraction_plddt_very_low,fraction_plddt_low,fraction_plddt_confident,fraction_plddt_very_high
O43521,MAKQPSDVSSECDREGRQLQPAERPPQLRPGAPTSLQTEPQGNPEGNHGGEGDSCPHGSPQGPLAPPASPGPFATRSPLFIFMRRSSLLSRSSSGYFSFDTDRSPAPMSCDKSTQTPSPPCQAFNHYLSAMASMRQAEPADMRPEIWIAQELRRIGDEFNAYYARRVFLNNYQAAEDHPRMVILRLLRYIVRLVWRMH,198,60.06,AF-O43521-F1,GDM,AlphaFold Monomer v2.0 pipeline,6,0.379,0.354,0.202,0.066
O14763,MEQRGQNAPAASGARKRHGPGPREARGARPGPRVPKTLVLVVAAVLLLVSAESALITQQDLAPQQRAAPQQKRSSPSEGLCPPGHHISEDGRDCISCKYGQDYSTHWNDLLFCLRCTRCDSGEVELSPCTTTRNTVCQCEEGTFREEDSPEMCRKCRTGCPRGMVKVGDCTPWSDIECVHKESGTKHSGEVPAVEETVTSSPGTPASPCSLSGIIIGVTVAAVVLIVAVFVCKSLLWKKVLPYLKGICSGGGGDPERVDRSSQRPGAEDNVLNEIVSILQPTQVPEQEMEVQEPAEPTGVNMLSPGESEHLLEPAEAERSQRRRLLVPANEGDPTETLRQCFDDFADLVPFDSWEPLMRKLGLMDNEIKVAKAEAAGHRDTLYTMLIKWVNKTGRDASVHTLLDALETLGERLAKQKIEDHLLSSGKFMYLEGNADSAMS,440,71.19,AF-O14763-F1,GDM,AlphaFold Monomer v2.0 pipeline,6,0.325,0.095,0.186,0.393
A7XYQ1,MAEMEKEGRPPENKRSRKPAHPVKREINEEMKNFAENTMNELLGWYGYDKVELKDGEDIEFRSYPTDGESRQHISVLKENSLPKPKLPEDSVISPYNISTGYSGLATGNGLSDSPAGSKDHGSVPIIVPLIPPPFIKPPAEDDVSNVQIMCAWCQKVGIKRYSLSMGSEVKSFCSEKCFAACRRAYFKRNKARDEDGHAENFPQQHYAKETPRLAFKNNCELLVCDWCKHIRHTKEYLDFGDGERRLQFCSAKCLNQYKMDIFYKETQANLPAGLCSTLHPPMENKAEGTGVQLLTPDSWNIPLTDARRKAPSPVATAGQSQGPGPSASTTVSPSDTANCSVTKIPTPVPKSIPISETPNIPPVSVQPPASIGPPLGVPPRSPPMVMTNRGPVPLPIFMEQQIMQQIRPPFIRGPPHHASNPNSPLSNPMLPGIGPPPGGPRNLGPTSSPMHRPMLSPHIHPPSTPTMPGNPPGLLPPPPPGAPLPSLPFPPVSMMPNGPMPVPQMMNFGLPSLAPLVPPPTLLVPYPVIVPLPVPIPIPIPIPHVSDSKPPNGFSSNGENFIPNAPGDSAAAGGKPSGHSLSPRDSKQGSSKSADSPPGCSGQALSLAPTPAEHGRSEVVDLTRRAGSPPGPPGAGGQLGFPGVLQGPQDGVIDLTVGHRARLHNVIHRALHAHVKAEREPSAAERRTCGGCRDGHCSPPAAGDPGPGAPAGPEAAAACNVIVNGTRGAAAEGAKSAEPPPEQPPPPPPPAPPKKLLSPEEPAVSELESVKENNCASNCHLDGEAAKKLMGEEALAGGDKSDPNLNNPADEDHAYALRMLPKTGCVIQPVPKPAEKAAMAPCIISSPMLSAGPEDLEPPLKRRCLRIRNQNK,873,51.41,AF-A7XYQ1-F1,GDM,AlphaFold Monomer v2.0 pipeline,6,0.648,0.189,0.097,0.065
A2RUB6,MNLGDGLKLETELLDGKTKLILSPYEHKSKISVKMGNKAKIAKCPLRTKTGHILKSTQDTCIGSEKLLQKKPVGSETSQAKGEKNGMTFSSTKDLCKQCIDKDCLHIQKEISPATPNMQKTRNTVNTSLVGKQKPHKKHITAENMKSSLVCLTQDQLQQILMTVNQGNRSLSLTENGKEAKSQYSLYLNSISNQPKDENIMGLFKKTEMVSSVPAENKSVLNEHQETSKQCEQKIAIENEWKPADIFSTLGERECDRSSLEAKKAQWRKELDEQVALKKKEKEVSEKWNDPWKKSESDKIIWEKHQILDQSRETVLLEHPFSAVKQELQRKWIEELNKQIEDDRQRKIEEKIIYSKGEEHDRWAMHFDSLKSYPGSQSQLFSQSTHKQPEYFCVSPDTQELADVSSVCTPTTGSQVEPSEEEHIAKPIKDVVMANSKKTNFLRSMTALLDPAQIEERDRRRQKQLEHQKAITAQVEEKRRKKQLEEEQRKKEEQEEELRLAQEREEMQKQYEEDILKQKQKEEIMTLKTNELFQTMQRAQELAQRLKQEQRIRELAQKGHDTSRLIKNLGVDTIQMEYNASNISNSRHDSDEISGKMNTYMNSTTSKKDTGVQTDDLNIGIFTNAESHCGSLMERDITNCSSPEISAELIGQFSTKKNKQELTQDKGASLEKENNRCNDQCNQFTRIEKQTKHMKKYPKRPDWNINKPPKRYIPASEKYPKQLQKQREEKKVRRQMELLHLVEKNNPGHLSQNRGISPEIFHSSHQETESKLRWHLVKKEEEPLNIHSFSKERSPSSPVPVVKNRTQQTQNTLHLPLKNSSYERENLISGSNQTELSSGISESSHFIPYVRTNEIYYLDPDAPLSGPSTQDPQYQNSQDCGQKRQLFDSDCVRDPLLNPNMVKNRDRQQAILKGLSELRQGLLQKQKELESSLLPLAENQEESFGSSF,948,56.81,AF-A2RUB6-F1,GDM,AlphaFold Monomer v2.0 pipeline,6,0.571,0.105,0.203,0.121
B1AK53,MALEQALQAARQGELDVLRSLHAAGLLGPSLRDPLDALPVHHAARAGKLHCLRFLVEEAALPAAARARNGATPAHDASATGHLACLQWLLSQGGCRVQDKDNSGATVLHLAARFGHPEVVNWLLHHGGGDPTAATDMGALPIHYAAAKGDFPSLRLLVEHYPEGVNAQTKNGATPLYLACQEGHLEVTQYLVQECGADPHARAHDGMTPLHAAAQMGHSPVIVWLVSCTDVSLSEQDKDGATAMHFAASRGHTKVLSWLLLHGGEISADLWGGTPLHDAAENGELECCQILVVNGAELDVRDRDGYTAADLSDFNGHSHCTRYLRTVENLSVEHRVLSRDPSAELEAKQPDSGMSSPNTTVSVQPLNFDLSSPTSTLSNYDSCSSSHSSIKGQHPPCGLSSARAADIQSYMDMLNPELGLPRGTIGKPTPPPPPPSFPPPPPPPGTQLPPPPPGYPAPKPPVGPQAADIYMQTKNKLRHVETEALKKELSSCDGHDGLRRQDSSRKPRAFSKQPSTGDYYRQLGRCPGETLAARPGMAHSEEVRARQPARAGCPRLGPAARGSLEGPSAPPQAALLPGNHVPNGCAADPKASRELPPPPPPPPPPLPEAASSPPPAPPLPLESAGPGCGQRRSSSSTGSTKSFNMMSPTGDNSELLAEIKAGKSLKPTPQSKGLTTVFSGIGQPAFQPDSPLPSVSPALSPVRSPTPPAAGFQPLLNGSLVPVPPTTPAPGVQLDVEALIPTHDEQGRPIPEWKRQVMVRKMQLKMQEEEEQRRKEEEEEARLASMPAWRRDLLRKKLEEEREQKRKEEERQKQEELRREKEQSEKLRTLGYDESKLAPWQRQVILKKGDIAKY,854,67.94,AF-B1AK53-F1,GDM,AlphaFold Monomer v2.0 pipeline,6,0.371,0.107,0.142,0.381
O15111,MERPPGLRPGAGGPWEMRERLGTGGFGNVCLYQHRELDLKIAIKSCRLELSTKNRERWCHEIQIMKKLNHANVVKACDVPEELNILIHDVPLLAMEYCSGGDLRKLLNKPENCCGLKESQILSLLSDIGSGIRYLHENKIIHRDLKPENIVLQDVGGKIIHKIIDLGYAKDVDQGSLCTSFVGTLQYLAPELFENKPYTATVDYWSFGTMVFECIAGYRPFLHHLQPFTWHEKIKKKDPKCIFACEEMSGEVRFSSHLPQPNSLCSLVVEPMENWLQLMLNWDPQQRGGPVDLTLKQPRCFVLMDHILNLKIVHILNMTSAKIISFLLPPDESLHSLQSRIERETGINTGSQELLSETGISLDPRKPASQCVLDGVRGCDSYMVYLFDKSKTVYEGPFASRSLSDCVNYIVQDSKIQLPIIQLRKVWAEAVHYVSGLKEDYSRLFQGQRAAMLSLLRYNANLTKMKNTLISASQQLKAKLEFFHKSIQLDLERYSEQMTYGISSEKMLKAWKEMEEKAIHYAEVGVIGYLEDQIMSLHAEIMELQKSPYGRRQGDLMESLEQRAIDLYKQLKHRPSDHSYSDSTEMVKIIVHTVQSQDRVLKELFGHLSKLLGCKQKIIDLLPKVEVALSNIKEADNTVMFMQGKRQKEIWHLLKIACTQSSARSLVGSSLEGAVTPQTSAWLPPTSAEHDHSLSCVVTPQDGETSAQMIEENLNCLGHLSTIIHEANEEQGNSMMNLDWSWLTE,745,83.81,AF-O15111-F1,GDM,AlphaFold Monomer v2.0 pipeline,6,0.099,0.074,0.234,0.593
D3W0D1,MENEDGYMTLSFKNRCKSKQKSKDFSLYPQYYCLLLIFGCIVILIFIMTGIDLKFWHKKMDFSQNVNVSSLSGHNYLCPNDWLLNEGKCYWFSTSFKTWKESQRDCTQLQAHLLVIQNLDELEFIQNSLKPGHFGWIGLYVTFQGNLWMWIDEHFLVPELFSVIGPTDDRSCAVITGNWVYSEDCSSTFKGICQRDAILTHNGTSGV,207,82.38,AF-D3W0D1-F1,GDM,AlphaFold Monomer v2.0 pipeline,6,0.135,0.135,0.111,0.618
O43825,MLQWRRRHCCFAKMTWNAKRSLFRTHLIGVLSLVFLFAMFLFFNHHDWLPGRAGFKENPVTYTFRGFRSTKSETNHSSLRNIWKETVPQTLRPQTATNSNNTDLSPQGVTGLENTLSANGSIYNEKGTGHPNSYHFKYIINEPEKCQEKSPFLILLIAAEPGQIEARRAIRQTWGNESLAPGIQITRIFLLGLSIKLNGYLQRAILEESRQYHDIIQQEYLDTYYNLTIKTLMGMNWVATYCPHIPYVMKTDSDMFVNTEYLINKLLKPDLPPRHNYFTGYLMRGYAPNRNKDSKWYMPPDLYPSERYPVFCSGTGYVFSGDLAEKIFKVSLGIRRLHLEDVYVGICLAKLRIDPVPPPNEFVFNHWRVSYSSCKYSHLITSHQFQPSELIKYWNHLQQNKHNACANAAKEKAGRYRHRKLH,422,78.56,AF-O43825-F1,GDM,AlphaFold Monomer v2.0 pipeline,6,0.235,0.062,0.097,0.607
O14638,MESTLTLATEQPVKKNTLKKYKIACIVLLALLVIMSLGLGLGLGLRKLEKQGSCRKKCFDASFRGLENCRCDVACKDRGDCCWDFEDTCVESTRIWMCNKFRCGETRLEASLCSCSDDCLQRKDCCADYKSVCQGETSWLEENCDTAQQSQCPEGFDLPPVILFSMDGFRAEYLYTWDTLMPNINKLKTCGIHSKYMRAMYPTKTFPNHYTIVTGLYPESHGIIDNNMYDVNLNKNFSLSSKEQNNPAWWHGQPMWLTAMYQGLKAATYFWPGSEVAINGSFPSIYMPYNGSVPFEERISTLLKWLDLPKAERPRFYTMYFEEPDSSGHAGGPVSARVIKALQVVDHAFGMLMEGLKQRNLHNCVNIILLADHGMDQTYCNKMEYMTDYFPRINFFYMYEGPAPRIRAHNIPHDFFSFNSEEIVRNLSCRKPDQHFKPYLTPDLPKRLHYAKNVRIDKVHLFVDQQWLAVRSKSNTNCGGGNHGYNNEFRSMEAIFLAHGPSFKEKTEVEPFENIEVYNLMCDLLRIQPAPNNGTHGSLNHLLKVPFYEPSHAEEVSKFSVCGFANPLPTESLDCFCPHLQNSTQLEQVNQMLNLTQEEITATVKVNLPFGRPRVLQKNVDHCLLYHREYVSGFGKAMRMPMWSSYTVPQLGDTSPLPPTVPDCLRADVRVPPSESQKCSFYLADKNITHGFLYPPASNRTSDSQYDALITSNLVPMYEEFRKMWDYFHSVLLIKHATERNGVNVVSGPIFDYNYDGHFDAPDEITKHLANTDVPIPTHYFVVLTSCKNKSHTPENCPGWLDVLPFIIPHRPTNVESCPEGKPEALWVEERFTAHIARVRDVELLTGLDFYQDKVQPVSEILQLKTYLPTFETTI,875,95.31,AF-O14638-F1,GDM,AlphaFold Monomer v2.0 pipeline,6,0.024,0.014,0.04,0.922
O15269,MATATEQWVLVEMVQALYEAPAYHLILEGILILWIIRLLFSKTYKLQERSDLTVKEKEELIEEWQPEPLVPPVPKDHPALNYNIVSGPPSHKTVVNGKECINFASFNFLGLLDNPRVKAAALASLKKYGVGTCGPRGFYGTFDVHLDLEDRLAKFMKTEEAIIYSYGFATIASAIPAYSKRGDIVFVDRAACFAIQKGLQASRSDIKLFKHNDMADLERLLKEQEIEDQKNPRKARVTRRFIVVEGLYMNTGTICPLPELVKLKYKYKARIFLEESLSFGVLGEHGRGVTEHYGINIDDIDLISANMENALASIGGFCCGRSFVIDHQRLSGQGYCFSASLPPLLAAAAIEALNIMEENPGIFAVLKEKCGQIHKALQGISGLKVVGESLSPAFHLQLEESTGSREQDVRLLQEIVDQCMNRSIALTQARYLEKEEKCLPPPSIRVVVTVEQTEEELERAASTIKEVAQAVLL,473,94.12,AF-O15269-F1,GDM,AlphaFold Monomer v2.0 pipeline,6,0.006,0.03,0.101,0.863
O00237,MWLKLFFLLLYFLVLFVLARFFEAIVWYETGIFATQLVDPVALSFKKLKTILECRGLGYSGLPEKKDVRELVEKSGDLMEGELYSALKEEEASESVSSTNFSGEMHFYELVEDTKDGIWLVQVIANDRSPLVGKIHWEKMVKKVSRFGIRTGTFNCSSDPRYCRRRGWVRSTLIMSVPQTSTSKGKVMLKEYSGRKIEVEHIFKWITAHAASRIKTIYNAEHLKEEWNKSDQYWLKIYLFANLDQPPAFFSALSIKFTGRVEFIFVNVENWDNKSYMTDIGIYNMPSYILRTPEGIYRYGNHTGEFISLQAMDSFLRSLQPEVNDLFVLSLVLVNLMAWMDLFITQGATIKRFVVLISTLGTYNSLLIISWLPVLGFLQLPYLDSFYEYSLKLLRYSNTTTLASWVRADWMFYSSHPALFLSTYLGHGLLIDYFEKKRRRNNNNDEVNANNLEWLSSLWDWYTSYLFHPIASFQNFPVESDWDEDPDLFLERLAFPDLWLHPLIPTDYIKNLPMWRFKCLGVQSEEEMSEGSQDTENDSESENTDTLSSEKEVFEDKQSVLHNSPGTASHCDAEACSCANKYCQTSPCERKGRSYGSYNTNEDMEPDWLTWPADMLHCTECVVCLENFENGCLLMGLPCGHVFHQNCIVMWLAGGRHCCPVCRWPSYKKKQPYAQHQPLSNDVPS,685,73.19,AF-O00237-F1,GDM,AlphaFold Monomer v2.0 pipeline,6,0.175,0.114,0.596,0.115
O15230,MAKRLCAGSALCVRGPRGPAPLLLVGLALLGAARAREEAGGGFSLHPPYFNLAEGARIAASATCGEEAPARGSPRPTEDLYCKLVGGPVAGGDPNQTIRGQYCDICTAANSNKAHPASNAIDGTERWWQSPPLSRGLEYNEVNVTLDLGQVFHVAYVLIKFANSPRPDLWVLERSMDFGRTYQPWQFFASSKRDCLERFGPQTLERITRDDAAICTTEYSRIVPLENGEIVVSLVNGRPGAMNFSYSPLLREFTKATNVRLRFLRTNTLLGHLMGKALRDPTVTRRYYYSIKDISIGGRCVCHGHADACDAKDPTDPFRLQCTCQHNTCGGTCDRCCPGFNQQPWKPATANSANECQSCNCYGHATDCYYDPEVDRRRASQSLDGTYQGGGVCIDCQHHTTGVNCERCLPGFYRSPNHPLDSPHVCRRCNCESDFTDGTCEDLTGRCYCRPNFSGERCDVCAEGFTGFPSCYPTPSSSNDTREQVLPAGQIVSGVSLCRPGWSAVARSRLTSTSASWVRAILLPQSPEWLGLQAPATTPGQFFVFLVETGFHHVGQAGLEL,561,79.12,AF-O15230-2-F1,GDM,AlphaFold Monomer v2.0 pipeline,6,0.226,0.043,0.094,0.636
O43294,MEDLDALLSDLETTTSHMPRSGAPKERPAEPLTPPPSYGHQPQTGSGESSGASGDKDHLYSTVCKPRSPKPAAPAAPPFSSSSGVLGTGLCELDRLLQELNATQFNITDEIMSQFPSSKVASGEQKEDQSEDKKRPSLPSSPSPGLPKASATSATLELDRLMASLSDFRVQNHLPASGPTQPPVVSSTNEGSPSPPEPTGKGSLDTMLGLLQSDLSRRGVPTQAKGLCGSCNKPIAGQVVTALGRAWHPEHFVCGGCSTALGGSSFFEKDGAPFCPECYFERFSPRCGFCNQPIRHKMVTALGTHWHPEHFCCVSCGEPFGDEGFHEREGRPYCRRDFLQLFAPRCQGCQGPILDNYISALSALWHPDCFVCRECFAPFSGGSFFEHEGRPLCENHFHARRGSLCATCGLPVTGRCVSALGRRFHPDHFTCTFCLRPLTKGSFQERAGKPYCQPCFLKLFG,461,71.12,AF-O43294-F1,GDM,AlphaFold Monomer v2.0 pipeline,6,0.297,0.126,0.148,0.43
C9JRZ8,MATFVELSTKAKMPIVGLGTWRSLLGKVKEAVKVAIDAEYRHIDCAYFYENQHEVGEAIQEKIQEKAVMREDLFIVSKVWPTFFERPLVRKAFEKTLKDLKLSYLDVYLIHWPQGFKTGDDFFPKDDKGNMISGKGTFLDAWEAMEELVDEGLVKALGVSNFNHFQIERLLNKPGLKYKPVTNQVECHPYLTQEKLIQYCHSKGITVTAYSPLGSPDRPWAKPEDPSLLEDPKIKEIAAKHKKTTAQVLIRFHIQRNVTVIPKSMTPAHIVENIQVFDFKLSDEEMATILSFNRNWRAFDFKEFSHLEDFPFDAEY,316,97.69,AF-C9JRZ8-F1,GDM,AlphaFold Monomer v2.0 pipeline,6,0.0,0.003,0.006,0.991
O15078,MPPNINWKEIMKVDPDDLPRQEELADNLLISLSKVEVNELKSEKQENVIHLFRITQSLMKMKAQEVELALEEVEKAGEEQAKFENQLKTKVMKLENELEMAQQSAGGRDTRFLRNEICQLEKQLEQKDRELEDMEKELEKEKKVNEQLALRNEEAENENSKLRRENKRLKKKNEQLCQDIIDYQKQIDSQKETLLSRRGEDSDYRSQLSKKNYELIQYLDEIQTLTEANEKIEVQNQEMRKNLEESVQEMEKMTDEYNRMKAIVHQTDNVIDQLKKENDHYQLQVQELTDLLKSKNEEDDPIMVAVNAKVEEWKLILSSKDDEIIEYQQMLHNLREKLKNAQLDADKSNVMALQQGIQERDSQIKMLTEQVEQYTKEMEKNTCIIEDLKNELQRNKGASTLSQQTHMKIQSTLDILKEKTKEAERTAELAEADAREKDKELVEALKRLKDYESGVYGLEDAVVEIKNCKNQIKIRDREIEILTKEINKLELKISDFLDENEALRERVGLEPKTMIDLTEFRNSKHLKQQQYRAENQILLKEIESLEEERLDLKKKIRQMAQERGKRSATSGLTTEDLNLTENISQGDRISERKLDLLSLKNMSEAQSKNEFLSRELIEKERDLERSRTVIAKFQNKLKELVEENKQLEEGMKEILQAIKEMQKDPDVKGGETSLIIPSLERLVNAIESKNAEGIFDASLHLKAQVDQLTGRNEELRQELRESRKEAINYSQQLAKANLKIDHLEKETSLLRQSEGSNVVFKGIDLPDGIAPSSASIINSQNEYLIHLLQELENKEKKLKNLEDSLEDYNRKFAVIRHQQSLLYKEYLSEKETWKTESKTIKEEKRKLEDQVQQDAIKVKEYNNLLNALQMDSDEMKKILAENSRKITVLQVNEKSLIRQYTTLVELERQLRKENEKQKNELLSMEAEVCEKIGCLQRFKEMAIFKIAALQKVVDNSVSLSELELANKQYNELTAKYRDILQKDNMLVQRTSNLEHLECENISLKEQVESINKELEITKEKLHTIEQAWEQETKLGNESSMDKAKKSITNSDIVSISKKITMLEMKELNERQRAEHCQKMYEHLRTSLKQMEERNFELETKFAELTKINLDAQKVEQMLRDELADSVSKAVSDADRQRILELEKNEMELKVEVSKLREISDIARRQVEILNAQQQSRDKEVESLRMQLLDYQAQSDEKSLIAKLHQHNVSLQLSEATALGKLESITSKLQKMEAYNLRLEQKLDEKEQALYYARLEGRNRAKHLRQTIQSLRRQFSGALPLAQQEKFSKTMIQLQNDKLKIMQEMKNSQQEHRNMENKTLEMELKLKGLEELISTLKDTKGAQKVINWHMKIEELRLQELKLNRELVKDKEEIKYLNNIISEYERTISSLEEEIVQQNKFHEERQMAWDQREVDLERQLDIFDRQQNEILNAAQKFEEATGSIPDPSLPLPNQLEIALRKIKENIRIILETRATCKSLEEKLKEKESALRLAEQNILSRDKVINELRLRLPATAEREKLIAELGRKEMEPKSHHTLKIAHQTIANMQARLNQKEEVLKKYQRLLEKAREEQREIVKKHEEDLHILHHRLELQADSSLNKFKQTAWDLMKQSPTPVPTNKHFIRLAEMEQTVAEQDDSLSSLLVKLKKVSQDLERQREITELKVKEFENIKLQLQENHEDEVKKVKAEVEDLKYLLDQSQKESQCLKSELQAQKEANSRAPTTTMRNLVERLKSQLALKEKQQKALSRALLELRAEMTAAAEERIISATSQKEAHLNVQQIVDRHTRELKTQVEDLNENLLKLKEALKTSKNRENSLTDNLNDLNNELQKKQKAYNKILREKEEIDQENDELKRQIKRLTSGLQGKPLTDNKQSLIEELQRKVKKLENQLEGKVEEVDLKPMKEKNAKEELIRWEEGKKWQAKIEGIRNKLKEKEGEVFTLTKQLNTLKDLFAKADKEKLTLQRKLKTTGMTVDQVLGIRALESEKELEELKKRNLDLENDILYMRAHQALPRDSVVEDLHLQNRYLQEKLHALEKQFSKDTYSKPSISGIESDDHCQREQELQKENLKLSSENIELKFQLEQANKDLPRLKNQVRDLKEMCEFLKKEKAEVQRKLGHVRGSGRSGKTIPELEKTIGLMKKVVEKVQRENEQLKKASGILTSEKMANIEQENEKLKAELEKLKAHLGHQLSMHYESKTKGTEKIIAENERLRKELKKETDAAEKLRIAKNNLEILNEKMTVQLEETGKRLQFAESRGPQLEGADSKSWKSIVVTRMYETKLKELETDIAKKNQSITDLKQLVKEATEREQKVNKYNEDLEQQIKILKHVPEGAETEQGLKRELQVLRLANHQLDKEKAELIHQIEANKDQSGAESTIPDADQLKEKIKDLETQLKMSDLEKQHLKEEIKKLKKELENFDPSFFEEIEDLKYNYKEEVKKNILLEEKVKKLSEQLGVELTSPVAASEEFEDEEESPVNFPIY,2479,60.53,AF-O15078-F1,GDM,AlphaFold Monomer v2.0 pipeline,6,0.238,0.42,0.343,0.0
O14967,MHFQAFWLCLGLLFISINAEFMDDDVETEDFEENSEEIDVNESELSSEIKYKTPQPIGEVYFAETFDSGRLAGWVLSKAKKDDMDEEISIYDGRWEIEELKENQVPGDRGLVLKSRAKHHAISAVLAKPFIFADKPLIVQYEVNFQDGIDCGGAYIKLLADTDDLILENFYDKTSYIIMFGPDKCGEDYKLHFIFRHKHPKTGVFEEKHAKPPDVDLKKFFTDRKTHLYTLVMNPDDTFEVLVDQTVVNKGSLLEDVVPPIKPPKEIEDPNDKKPEEWDERAKIPDPSAVKPEDWDESEPAQIEDSSVVKPAGWLDDEPKFIPDPNAEKPDDWNEDTDGEWEAPQILNPACRIGCGEWKPPMIDNPKYKGVWRPPLVDNPNYQGIWSPRKIPNPDYFEDDHPFLLTSFSALGLELWSMTSDIYFDNFIICSEKEVADHWAADGWRWKIMIANANKPGVLKQLMAAAEGHPWLWLIYLVTAGVPIALITSFCWPRKVKKKHKDTEYKKTDICIPQTKGVLEQEEKEEKAALEKPMDLEEEKKQNDGEMLEKEEESEPEEKSEEEIEIIEGQEESNQSNKSGSEDEMKEADESTGSGDGPIKSVRKRRVRKD,610,76.25,AF-O14967-F1,GDM,AlphaFold Monomer v2.0 pipeline,6,0.246,0.044,0.177,0.533
A6NNB3,MDTAYPREDTRAPTPSKAGAHTALTLGAPHPPPRDHLIWSVFSTLYLNLCCLGFLALAYSIKARDQKVVGDLEAARRFGSKAKCYNILAAMWTLVPPLLLLGLVVTGALHLARLAKDSAAFFSTKFDDADYD,132,65.31,AF-A6NNB3-F1,GDM,AlphaFold Monomer v2.0 pipeline,6,0.182,0.439,0.295,0.083
O15370,MVQQRGARAKRDGGPPPPGPGPAEEGAREPGWCKTPSGHIKRPMNAFMVWSQHERRKIMDQWPDMHNAEISKRLGRRWQLLQDSEKIPFVREAERLRLKHMADYPDYKYRPRKKSKGAPAKARPRPPGGSGGGSRLKPGPQLPGRGGRRAAGGPLGGGAAAPEDDDEDDDEELLEVRLVETPGRELWRMVPAGRAARGQAERAQGPSGEGAAAAAAASPTPSEDEEPEEEEEEAAAAEEGEEETVASGEESLGFLSRLPPGPAGLDCSALDRDPDLQPPSGTSHFEFPDYCTPEVTEMIAGDWRPSSIADLVFTY,315,63.0,AF-O15370-F1,GDM,AlphaFold Monomer v2.0 pipeline,6,0.384,0.317,0.067,0.232
O14813,MDYSYLNSYDSCVAAMEASAYGDFGACSQPGGFQYSPLRPAFPAAGPPCPALGSSNCALGALRDHQPAPYSAVPYKFFPEPSGLHEKRKQRRIRTTFTSAQLKELERVFAETHYPDIYTREELALKIDLTEARVQVWFQNRRAKFRKQERAASAKGAAGAAGAKKGEARCSSEDDDSKESTCSPTPDSTASLPPPPAPGLASPRLSPSPLPVALGSGPGPGPGPQPLKGALWAGVAGGGGGGPGAGAAELLKAWQPAESGPGPFSGVLSSFHRKPGPALKTNLF,284,62.69,AF-O14813-F1,GDM,AlphaFold Monomer v2.0 pipeline,6,0.289,0.451,0.067,0.194
O14958,MKRTHLFIVGIYFLSSCRAEEGLNFPTYDGKDRVVSLSEKNFKQVLKKYDLLCLYYHEPVSSDKVTQKQFQLKEIVLELVAQVLEHKAIGFVMVDAKKEAKLAKKLGFDEEGSLYILKGDRTIEFDGEFAADVLVEFLLDLIEDPVEIISSKLEVQAFERIEDYIKLIGFFKSEDSEYYKAFEEAAEHFQPYIKFFATFDKGVAKKLSLKMNEVDFYEPFMDEPIAIPNKPYTEEELVEFVKEHQRPTLRRLRPEEMFETWEDDLNGIHIVAFAEKSDPDGYEFLEILKQVARDNTDNPDLSILWIDPDDFPLLVAYWEKTFKIDLFRPQIGVVNVTDADSVWMEIPDDDDLPTAEELEDWIEDVLSGKINTEDDDEDDDDDDNSDEEDNDDSDDDDDE,399,90.5,AF-O14958-F1,GDM,AlphaFold Monomer v2.0 pipeline,6,0.055,0.055,0.058,0.832
A0JNW5,MAGIIKKQILKHLSRFTKNLSPDKINLSTLKGEGELKNLELDEEVLQNMLDLPTWLAINKVFCNKASIRIPWTKLKTHPICLSLDKVIMEMSTCEEPRSPNGPSPIATASGQSEYGFAEKVVEGISVSVNSIVIRIGAKAFNASFELSQLRIYSVNAHWEHGDLRFTRIQDPQRGEVLTFKEINWQMIRIEADATQSSHLEIMCAPVRLITNQSKIRVTLKRRLKDCNVIATKLVLILDDLLWVLTDSQLKAMVQYAKSLSEAIEKSTEQRKSMAPEPTQSSTVVASAQQVKTTQTSNAPDVNDAIVKLFNDFDVKETSHHLVISHLDLHICDDIHAKEKESNRRITGGAMQLSFTQLTIDYYPYHKAGDSCNHWMYFSDATKTKNGWANELLHEFECNVEMLKQAVKDHNVGSPPKSPTHASPQHTQTEKDYPLKGTCRTPSVLSQQSKAKLMSSSVVVRLADFNIYQVSTAEQCRSSPKSMICCNKKSLYLPQEMSAVYIEFTEYYYPDGKDFPIPSPNLYSQLNALQFTVDERSILWLNQFLLDLKQSLNQFMAVYKLNDNSKSDEHVDVRVDGLMLKFVIPSEVKSECHQDQPRAISIQSSEMIATNTRHCPNCRHSDLEALFQDFKDCDFFSKTYTSFPKSCDNFNLLHPIFQRHAHEQDTKMHEIYKGNITPQLNKNTLKTSAATDVWAVYFSQFWIDYEGMKSGKGRPISFVDSFPLSIWICQPTRYAESQKEPQTCNQVSLNTSQSESSDLAGRLKRKKLLKEYYSTESEPLTNGGQKPSSSDTFFRFSPSSSEADIHLLVHVHKHVSMQINHYQYLLLLFLHESLILLSENLRKDVEAVTGSPASQTSICIGILLRSAELALLLHPVDQANTLKSPVSESVSPVVPDYLPTENGDFLSSKRKQISRDINRIRSVTVNHMSDNRSMSVDLSHIPLKDPLLFKSASDTNLQKGISFMDYLSDKHLGKISEDESSGLVYKSGSGEIGSETSDKKDSFYTDSSSILNYREDSNILSFDSDGNQNILSSTLTSKGNETIESIFKAEDLLPEAASLSENLDISKEETPPVRTLKSQSSLSGKPKERCPPNLAPLCVSYKNMKRSSSQMSLDTISLDSMILEEQLLESDGSDSHMFLEKGNKKNSTTNYRGTAESVNAGANLQNYGETSPDAISTNSEGAQENHDDLMSVVVFKITGVNGEIDIRGEDTEICLQVNQVTPDQLGNISLRHYLCNRPVGSDQKAVIHSKSSPEISLRFESGPGAVIHSLLAEKNGFLQCHIENFSTEFLTSSLMNIQHFLEDETVATVMPMKIQVSNTKINLKDDSPRSSTVSLEPAPVTVHIDHLVVERSDDGSFHIRDSHMLNTGNDLKENVKSDSVLLTSGKYDLKKQRSVTQATQTSPGVPWPSQSANFPEFSFDFTREQLMEENESLKQELAKAKMALAEAHLEKDALLHHIKKMTVE,1464,66.75,AF-A0JNW5-F1,GDM,AlphaFold Monomer v2.0 pipeline,6,0.355,0.065,0.284,0.296
O00746,MGGLFWRSALRGLRCGPRAPGPSLLVRHGSGGPSWTRERTLVAVKPDGVQRRLVGDVIQRFERRGFTLVGMKMLQAPESVLAEHYQDLRRKPFYPALIRYMSSGPVVAMVWEGYNVVRASRAMIGHTDSAEAAPGTIRGDFSVHISRNVIHASDSVEGAQREIQLWFQSSELVSWADGGQHSSIHPA,187,85.0,AF-O00746-F1,GDM,AlphaFold Monomer v2.0 pipeline,6,0.166,0.08,0.016,0.738
O00159,MALQVELVPTGEIIRVVHPHRPCKLALGSDGVRVTMESALTARDRVGVQDFVLLENFTSEAAFIENLRRRFRENLIYTYIGPVLVSVNPYRDLQIYSRQHMERYRGVSFYEVPPHLFAVADTVYRALRTERRDQAVMISGESGAGKTEATKRLLQFYAETCPAPERGGAVRDRLLQSNPVLEAFGNAKTLRNDNSSRFGKYMDVQFDFKGAPVGGHILSYLLEKSRVVHQNHGERNFHIFYQLLEGGEEETLRRLGLERNPQSYLYLVKGQCAKVSSINDKSDWKVVRKALTVIDFTEDEVEDLLSIVASVLHLGNIHFAANEESNAQVTTENQLKYLTRLLSVEGSTLREALTHRKIIAKGEELLSPLNLEQAAYARDALAKAVYSRTFTWLVGKINRSLASKDVESPSWRSTTVLGLLDIYGFEVFQHNSFEQFCINYCNEKLQQLFIELTLKSEQEEYEAEGIAWEPVQYFNNKIICDLVEEKFKGIISILDEECLRPGEATDLTFLEKLEDTVKHHPHFLTHKLADQRTRKSLGRGEFRLLHYAGEVTYSVTGFLDKNNDLLFRNLKETMCSSKNPIMSQCFDRSELSDKKRPETVATQFKMSLLQLVEILQSKEPAYVRCIKPNDAKQPGRFDEVLIRHQVKYLGLLENLRVRRAGFAYRRKYEAFLQRYKSLCPETWPTWAGRPQDGVAVLVRHLGYKPEEYKMGRTKIFIRFPKTLFATEDALEVRRQSLATKIQAAWRGFHWRQKFLRVKRSAICIQSWWRGTLGRRKAAKRKWAAQTIRRLIRGFVLRHAPRCPENAFFLDHVRTSFLLNLRRQLPQNVLDTSWPTPPPALREASELLRELCIKNMVWKYCRSISPEWKQQLQQKAVASEIFKGKKDNYPQSVPRLFISTRLGTDEISPRVLQALGSEPIQYAVPVVKYDRKGYKPRSRQLLLTPNAVVIVEDAKVKQRIDYANLTGISVSSLSDSLFVLHVQRADNKQKGDVVLQSDHVIETLTKTALSANRVNSININQGSITFAGGPGRDGTIDFTPGSELLITKAKNGHLAVVAPRLNSR,1063,84.31,AF-O00159-F1,GDM,AlphaFold Monomer v2.0 pipeline,6,0.045,0.036,0.534,0.385
O43818,MSATAAARKRGKPASGAGAGAGAGKRRRKADSAGDRGKSKGGGKMNEEISSDSESESLAPRKPEEEEEEELEETAQEKKLRLAKLYLEQLRQQEEEKAEARAFEEDQVAGRLKEDVLEQRGRLQKLVAKEIQAPASADIRVLRGHQLSITCLVVTPDDSAIFSAAKDCSIIKWSVESGRKLHVIPRAKKGAEGKPPGHSSHVLCMAISSDGKYLASGDRSKLILIWEAQSCQHLYTFTGHRDAVSGLAFRRGTHQLYSTSHDRSVKVWNVAENSYVETLFGHQDAVAALDALSRECCVTAGGRDGTVRVWKIPEESQLVFYGHQGSIDCIHLINEEHMVSGADDGSVALWGLSKKRPLALQREAHGLRGEPGLEQPFWISSVAALLNTDLVATGSHSSCVRLWQCGEGFRQLDLLCDIPLVGFINSLKFSSSGDFLVAGVGQEHRLGRWWRIKEARNSVCIIPLRRVPVPPAAGS,475,83.44,AF-O43818-F1,GDM,AlphaFold Monomer v2.0 pipeline,6,0.154,0.04,0.131,0.676
O43827,MLKKPLSAVTWLCIFIVAFVSHPAWLQKLSKHKTPAQPQLKAANCCEEVKELKAQVANLSSLLSELNKKQERDWVSVVMQVMELESNSKRMESRLTDAESKYSEMNNQIDIMQLQAAQTVTQTSADAIYDCSSLYQKNYRISGVYKLPPDDFLGSPELEVFCDMETSGGGWTIIQRRKSGLVSFYRDWKQYKQGFGSIRGDFWLGNEHIHRLSRQPTRLRVEMEDWEGNLRYAEYSHFVLGNELNSYRLFLGNYTGNVGNDALQYHNNTAFSTKDKDNDNCLDKCAQLRKGGYWYNCCTDSNLNGVYYRLGEHNKHLDGITWYGWHGSTYSLKRVEMKIRPEDFKP,346,86.0,AF-O43827-F1,GDM,AlphaFold Monomer v2.0 pipeline,6,0.098,0.075,0.142,0.685
O14548,MYYKFSGFTQKLAGAWASEAYSPQGLKPVVSTEAPPIIFATPTKLTSDSTVYDYAGKNKVPELQKFFQKADGVPVYLKRGLPDQMLYRTTMALTVGGTIYCLIALYMASQPKNK,114,79.62,AF-O14548-F1,GDM,AlphaFold Monomer v2.0 pipeline,6,0.026,0.298,0.219,0.456
O43264,MASFVTEVLAHSGRLEKEDLGTRISRLTRRVEEIKGEVCNMISKKYSEFLPSMQSAQGLITQVDKLSEDIDLLKSRIESEVRRDLHVSTGEFTDLKQQLERDSVVLSLLKQLQEFSTAIEEYNCALTEKKYVTGAQRLEEAQKCLKLLKSRKCFDLKILKSLSMELTIQKQNILYHLGEEWQKLIVWKFPPSKDTSSLESYLQTELHLYTEQSHKEEKTPMPPISSVLLAFSVLGELHSKLKSFGQMLLKYILRPLASCPSLHAVIESQPNIVIIRFESIMTNLEYPSPSEVFTKIRLVLEVLQKQLLDLPLDTDLENEKTSTVPLAEMLGDMIWEDLSECLIKNCLVYSIPTNSSKLQQYEEIIQSTEEFENALKEMRFLKGDTTDLLKYARNINSHFANKKCQDVIVAARNLMTSEIHNTVKIIPDSKINVPELPTPDEDNKLEVQKVSNTQYHEVMNLEPENTLDQHSFSLPTCRISESVKKLMELAYQTLLEATTSSDQCAVQLFYSVRNIFHLFHDVVPTYHKENLQKLPQLAAIHHNNCMYIAHHLLTLGHQFRLRLAPILCDGTATFVDLVPGFRRLGTECFLAQMRAQKGELLERLSSARNFSNMDDEENYSAASKAVRQVLHQLKRLGIVWQDVLPVNIYCKAMGTLLNTAISEVIGKITALEDISTEDGDRLYSLCKTVMDEGPQVFAPLSEESKNKKYQEEVPVYVPKWMPFKELMMMLQASLQEIGDRWADGKGPLAAAFSSSEVKALIRALFQNTERRAAALAKIK,779,81.25,AF-O43264-F1,GDM,AlphaFold Monomer v2.0 pipeline,6,0.065,0.114,0.492,0.329
B2RUY7,MALHIHEACILLLVIPGLVTSAAISHEDYPADEGDQISSNDNLIFDDYRGKGCVDDSGFVYKLGERFFPGHSNCPCVCALDGPVCDQPECPKIHPKCTKVEHNGCCPECKEVKNFCEYHGKNYKILEEFKPSPCEWCRCEPSNEVHCVVADCAVPECVNPVYEPEQCCPVCKNGPNCFAGTTIIPAGIEVKVDECNICHCHNGDWWKPAQCSKRECQGKQTV,222,77.75,AF-B2RUY7-F1,GDM,AlphaFold Monomer v2.0 pipeline,6,0.18,0.095,0.36,0.365
O43826,MAAQGYGYYRTVIFSAMFGGYSLYYFNRKTFSFVMPSLVEEIPLDKDDLGFITSSQSAAYAISKFVSGVLSDQMSARWLFSSGLLLVGLVNIFFAWSSTVPVFAALWFLNGLAQGLGWPPCGKVLRKWFEPSQFGTWWAILSTSMNLAGGLGPILATILAQSYSWRSTLALSGALCVVVSFLCLLLIHNEPADVGLRNLDPMPSEGKKGSLKEESTLQELLLSPYLWVLSTGYLVVFGVKTCCTDWGQFFLIQEKGQSALVGSSYMSALEVGGLVGSIAAGYLSDRAMAKAGLSNYGNPRHGLLLFMMAGMTVSMYLFRVTVTSDSPKLWILVLGAVFGFSSYGPIALFGVIANESAPPNLCGTSHAIVGLMANVGGFLAGLPFSTIAKHYSWSTAFWVAEVICAASTAAFFLLRNIRTKMGRVSKKAE,429,85.81,AF-O43826-F1,GDM,AlphaFold Monomer v2.0 pipeline,6,0.042,0.03,0.527,0.401
O00409,MGPVMPPSKKPESSGISVSSGLSQCYGGSGFSKALQEDDDLDFSLPDIRLEEGAMEDEELTNLNWLHESKNLLKSFGESVLRSVSPVQDLDDDTPPSPAHSDMPYDARQNPNCKPPYSFSCLIFMAIEDSPTKRLPVKDIYNWILEHFPYFANAPTGWKNSVRHNLSLNKCFKKVDKERSQSIGKGSLWCIDPEYRQNLIQALKKTPYHPHPHVFNTPPTCPQAYQSTSGPPIWPGSTFFKRNGALLQDPDIDAASAMMLLNTPPEIQAGFPPGVIQNGARVLSRGLFPGVRPLPITPIGVTAAMRNGITSCRMRTESEPSCGSPVVSGDPKEDHNYSSAKSSNARSTSPTSDSISSSSSSADDHYEFATKGSQEGSEGSEGSFRSHESPSDTEEDDRKHSQKEPKDSLGDSGYASQHKKRQHFAKARKVPSDTLPLKKRRTEKPPESDDEEMKEAAGSLLHLAGIRSCLNNITNRTAKGQKEQKETTKN,490,57.62,AF-O00409-F1,GDM,AlphaFold Monomer v2.0 pipeline,6,0.545,0.212,0.086,0.157
A6NFY7,MSRHSRLQRQVLSLYRDLLRAGRGKPGAEARVRAEFRQHAGLPRSDVLRIEYLYRRGRRQLQLLRSGHATAMGAFVRPRAPTGEPGGVGCQPDDGDSPRNPHDSTGAPETRPDGR,115,75.62,AF-A6NFY7-F1,GDM,AlphaFold Monomer v2.0 pipeline,6,0.104,0.322,0.157,0.417
O15399,MRGAGGPRGPRGPAKMLLLLALACASPFPEEAPGPGGAGGPGGGLGGARPLNVALVFSGPAYAAEAARLGPAVAAAVRSPGLDVRPVALVLNGSDPRSLVLQLCDLLSGLRVHGVVFEDDSRAPAVAPILDFLSAQTSLPIVAVHGGAALVLTPKEKGSTFLQLGSSTEQQLQVIFEVLEEYDWTSFVAVTTRAPGHRAFLSYIEVLTDGSLVGWEHRGALTLDPGAGEAVLSAQLRSVSAQIRLLFCAREEAEPVFRAAEEAGLTGSGYVWFMVGPQLAGGGGSGAPGEPPLLPGGAPLPAGLFAVRSAGWRDDLARRVAAGVAVVARGAQALLRDYGFLPELGHDCRAQNRTHRGESLHRYFMNITWDNRDYSFNEDGFLVNPSLVVISLTRDRTWEVVGSWEQQTLRLKYPLWSRYGRFLQPVDDTQHLTVATLEERPFVIVEPADPISGTCIRDSVPCRSQLNRTHSPPPDAPRPEKRCCKGFCIDILKRLAHTIGFSYDLYLVTNGKHGKKIDGVWNGMIGEVFYQRADMAIGSLTINEERSEIVDFSVPFVETGISVMVARSNGTVSPSAFLEPYSPAVWVMMFVMCLTVVAVTVFIFEYLSPVGYNRSLATGKRPGGSTFTIGKSIWLLWALVFNNSVPVENPRGTTSKIMVLVWAFFAVIFLASYTANLAAFMIQEEYVDTVSGLSDRKFQRPQEQYPPLKFGTVPNGSTEKNIRSNYPDMHSYMVRYNQPRVEEALTQLKAGKLDAFIYDAAVLNYMARKDEGCKLVTIGSGKVFATTGYGIALHKGSRWKRPIDLALLQFLGDDEIEMLERLWLSGICHNDKIEVMSSKLDIDNMAGVFYMLLVAMGLSLLVFAWEHLVYWRLRHCLGPTHRMDFLLAFSRGMYSCCSAEAAPPPAKPPPPPQPLPSPAYPAPRPAPGPAPFVPRERASVDRWRRTKGAGPPGGAGLADGFHRYYGPIEPQGLGLGLGEARAAPRGAAGRPLSPPAAQPPQKPPPSYFAIVRDKEPAEPPAGAFPGFPSPPAPPAAAATAVGPPLCRLAFEDESPPAPARWPRSDPESQPLLGPGAGGAGGTGGAGGGAPAAPPPCRAAPPPCPYLDLEPSPSDSEDSESLGGASLGGLEPWWFADFPYPYAERLGPPPGRYWSVDKLGGWRAGSWDYLPPRSGPAAWHCRHCASLELLPPPRHLSCSHDGLDGGWWAPPPPPWAAGPLPRRRARCGCPRSHPHRPRASHRTPAAAAPHHHRHRRAAGGWDLPPPAPTSRSLEDLSSCPRAAPARRLTGPSRHARRCPHAAHWGPPLPTASHRRHRGGDLGTRRGSAHFSSLESEV,1336,63.22,AF-O15399-F1,GDM,AlphaFold Monomer v2.0 pipeline,6,0.396,0.09,0.367,0.147
O14843,MDTGPDQSYFSGNHWFVFSVYLLTFLVGLPLNLLALVVFVGKLQRRPVAVDVLLLNLTASDLLLLLFLPFRMVEAANGMHWPLPFILCPLSGFIFFTTIYLTALFLAAVSIERFLSVAHPLWYKTRPRLGQAGLVSVACWLLASAHCSVVYVIEFSGDISHSQGTNGTCYLEFRKDQLAILLPVRLEMAVVLFVVPLIITSYCYSRLVWILGRGGSHRRQRRVAGLLAATLLNFLVCFGPYNVSHVVGYICGESPAWRIYVTLLSTLNSCVDPFVYYFSSSGFQADFHELLRRLCGLWGQWQQESSMELKEQKGGEEQRADRPAERKTSEHSQGCGTGGQVACAES,346,86.38,AF-O14843-F1,GDM,AlphaFold Monomer v2.0 pipeline,6,0.087,0.064,0.194,0.656
A8MW99,MDVQKWYLRTSKLALALAIIRSKPADKSSREYTEHLAMLLSEEQSKWRSKVEILEAEVMQLRQKLLVSRLCSGSFKSGYVSSQLEAQEPKSSESTLTSMEDSGCDLSNEQRTESSDLSQHFVESCTPTHFPPLPLVKRPCAILQNPLSSHMQFLQYLLELKNLTESGNLKRDLTHFEKDSSTVSDSVFQLLDGLITFYRNPKLPFSRFWTEAVGTLASLISDYNLSSHILKKCSKKLEEFEKTLLHAILGNNHINQFQVQHYVSQSLVTLGNCSLLRKSIISLLLSEVNGFADDLGAINQEQASYDVSRYENIFYLFWVLEQLLQKETEEGNTSSIGHDDQEIKKFLQKHDETIFQLSDAFPLFTFYLWRVGILLSSAQIETLRK,385,70.19,AF-A8MW99-F1,GDM,AlphaFold Monomer v2.0 pipeline,6,0.229,0.13,0.538,0.104
A2RU14,MAGTVLGVGAGVFILALLWVAVLLLCVLLSRASGAARFSVIFLFFGAVIITSVLLLFPRAGEFPAPEVEVKIVDDFFIGRYVLLAFLSAIFLGGLFLVLIHYVLEPIYAKPLHSY,115,87.62,AF-A2RU14-F1,GDM,AlphaFold Monomer v2.0 pipeline,6,0.0,0.052,0.47,0.478
O43866,MALLFSLILAICTRPGFLASPSGVRLVGGLHRCEGRVEVEQKGQWGTVCDDGWDIKDVAVLCRELGCGAASGTPSGILYEPPAEKEQKVLIQSVSCTGTEDTLAQCEQEEVYDCSHDEDAGASCENPESSFSPVPEGVRLADGPGHCKGRVEVKHQNQWYTVCQTGWSLRAAKVVCRQLGCGRAVLTQKRCNKHAYGRKPIWLSQMSCSGREATLQDCPSGPWGKNTCNHDEDTWVECEDPFDLRLVGGDNLCSGRLEVLHKGVWGSVCDDNWGEKEDQVVCKQLGCGKSLSPSFRDRKCYGPGVGRIWLDNVRCSGEEQSLEQCQHRFWGFHDCTHQEDVAVICSG,347,85.88,AF-O43866-F1,GDM,AlphaFold Monomer v2.0 pipeline,6,0.058,0.066,0.331,0.545
O43196,MASLGANPRRTPQGPRPGAASSGFPSPAPVPGPREAEEEEVEEEEELAEIHLCVLWNSGYLGIAYYDTSDSTIHFMPDAPDHESLKLLQRVLDEINPQSVVTSAKQDENMTRFLGKLASQEHREPKRPEIIFLPSVDFGLEISKQRLLSGNYSFIPDAMTATEKILFLSSIIPFDCLLTVRALGGLLKFLGRRRIGVELEDYNVSVPILGFKKFMLTHLVNIDQDTYSVLQIFKSESHPSVYKVASGLKEGLSLFGILNRCHCKWGEKLLRLWFTRPTHDLGELSSRLDVIQFFLLPQNLDMAQMLHRLLGHIKNVPLILKRMKLSHTKVSDWQVLYKTVYSALGLRDACRSLPQSIQLFRDIAQEFSDDLHHIASLIGKVVDFEGSLAENRFTVLPNIDPEIDEKKRRLMGLPSFLTEVARKELENLDSRIPSCSVIYIPLIGFLLSIPRLPSMVEASDFEINGLDFMFLSEEKLHYRSARTKELDALLGDLHCEIRDQETLLMYQLQCQVLARAAVLTRVLDLASRLDVLLALASAARDYGYSRPRYSPQVLGVRIQNGRHPLMELCARTFVPNSTECGGDKGRVKVITGPNSSGKSIYLKQVGLITFMALVGSFVPAEEAEIGAVDAIFTRIHSCESISLGLSTFMIDLNQVAKAVNNATAQSLVLIDEFGKGTNTVDGLALLAAVLRHWLARGPTCPHIFVATNFLSLVQLQLLPQGPLVQYLTMETCEDGNDLVFFYQVCEGVAKASHASHTAAQAGLPDKLVARGKEVSDLIRSGKPIKPVKDLLKKNQMENCQTLVDKFMKLDLEDPNLDLNVFMSQEVLPAATSIL,834,82.06,AF-O43196-F1,GDM,AlphaFold Monomer v2.0 pipeline,6,0.07,0.072,0.507,0.351
A1A519,MKRRQKRKHLENEESQETAEKGGGMSKSQEDALQPGSTRVAKGWSQGVGEVTSTSEYCSCVSSSRKLIHSGIQRIHRDSPQPQSPLAQVQERGETPPRSQHVSLSSYSSYKTCVSSLCVNKEERGMKIYYMQVQMNKGVAVSWETEETLESLEKQPRMEEVTLSEVVRVGTPPSDVSTRNLLSDSEPSGEEKEHEERTESDSLPGSPTVEDTPRAKTPDWLVTMENGFRCMACCRVFTTMEALQEHVQFGIREGFSCHVFHLTMAQLTGNMESESTQDEQEEENGNEKEEEEKPEAKEEEGQPTEEDLGLRRSWSQCPGCVFHSPKDRNS,330,56.69,AF-A1A519-F1,GDM,AlphaFold Monomer v2.0 pipeline,6,0.482,0.309,0.103,0.106
A6QL63,MARRGKKPVVRTLEDLTLDSGYGGAADSVRSSNLSLCCSDSHPASPYGGSCWPPLADSMHSRHNSFDTVNTALVEDSEGLDCAGQHCSRLLPDLDEVPWTLQELEALLLRSRDPRAGPAVPGGLPKDALAKLSTLVSRALVRIAKEAQRLSLRFAKCTKYEIQSAMEIVLSWGLAAHCTAAALAALSLYNMSSAGGDRLGRGKSARCGLTFSVGRVYRWMVDSRVALRIHEHAAIYLTACMESLFRDIYSRVVASGVPRSCSGPGSGSGSGPGPSSGPGAAPAADKEREAPGGGAASGGACSAASSASGGSSCCAPPAAAAAAVPPAAAANHHHHHHHALHEAPKFTVETLEHTVNNDSEIWGLLQPYQHLICGKNASGVLCLPDSLNLHRDPQRSNKPGELPMFSQSELRTIEQSLLATRVGSIAELSDLVSRAMHHLQPLNAKHHGNGTPLHHKQGALYWEPEALYTLCYFMHCPQMEWENPNVEPSKVNLQVERPFLVLPPLMEWIRVAVAHAGHRRSFSMDSDDVRQAARLLLPGVDCEPRQLRADDCFCASRKLDAVAIEAKFKQDLGFRMLNCGRTDLVKQAVSLLGPDGINTMSEQGMTPLMYACVRGDEAMVQMLLDAGADLNVEVVSTPHKYPSVHPETRHWTALTFAVLHGHIPVVQLLLDAGAKVEGSVEHGEENYSETPLQLAAAVGNFELVSLLLERGADPLIGTMYRNGISTTPQGDMNSFSQAAAHGHRNVFRKLLAQPEKEKSDILSLEEILAEGTDLAETAPPPLCASRNSKAKLRALREAMYHSAEHGYVDVTIDIRSIGVPWTLHTWLESLRIAFQQHRRPLIQCLLKEFKTIQEEEYTEELVTQGLPLMFEILKASKNEVISQQLCVIFTHCYGPYPIPKLTEIKRKQTSRLDPHFLNNKEMSDVTFLVEGRPFYAHKVLLFTASPRFKALLSSKPTNDGTCIEIGYVKYSIFQLVMQYLYYGGPESLLIKNNEIMELLSAAKFFQLEALQRHCEIICAKSINTDNCVDIYNHAKFLGVTELSAYCEGYFLKNMMVLIENEAFKQLLYDKNGEGTGQDVLQDLQRTLAIRIQSIHLSSSKGSVV,1104,71.94,AF-A6QL63-F1,GDM,AlphaFold Monomer v2.0 pipeline,6,0.257,0.08,0.331,0.332
O15116,MNYMPGTASLIEDIDKKHLVLLRDGRTLIGFLRSIDQFANLVLHQTVERIHVGKKYGDIPRGIFVVRGENVVLLGEIDLEKESDTPLQQVSIEEILEEQRVEQQTKLEAEKLKVQALKDRGLSIPRADTLDEY,133,89.69,AF-O15116-F1,GDM,AlphaFold Monomer v2.0 pipeline,6,0.038,0.038,0.165,0.759
A0PK11,MPGWFKKAWYGLASLLSFSSFILIIVALVVPHWLSGKILCQTGVDLVNATDRELVKFIGDIYYGLFRGCKVRQCGLGGRQSQFTIFPHLVKELNAGLHVMILLLLFLALALALVSMGFAILNMIQVPYRAVSGPGGICLWNVLAGGVVALAIASFVAAVKFHDLTERIANFQEKLFQFVVVEEQYEESFWICVASASAHAANLVVVAISQIPLPEIKTKIEEATVTAEDILY,232,91.31,AF-A0PK11-F1,GDM,AlphaFold Monomer v2.0 pipeline,6,0.009,0.073,0.116,0.802
A8MQ03,MDPQEMVVKNPYAHISIPRAHLRPDLGQQLEVASTCSSSSEMQPLPVGPCAPEPTHLLQPTEVPGPKGAKGNQGAAPIQNQQAWQQPGNPYSSSQRQAGLTYAGPPPAGRGDDIAHHCCCCPCCHCCHCPPFCRCHSCCCCVIS,144,56.31,AF-A8MQ03-F1,GDM,AlphaFold Monomer v2.0 pipeline,6,0.354,0.535,0.111,0.0
O15400,MSYTPGVGGDPAQLAQRISSNIQKITQCSVEIQRTLNQLGTPQDSPELRQQLQQKQQYTNQLAKETDKYIKEFGSLPTTPSEQRQRKIQKDRLVAEFTTSLTNFQKVQRQAAEREKEFVARVRASSRVSGSFPEDSSKERNLVSWESQTQPQVQVQDEEITEDDLRLIHERESSIRQLEADIMDINEIFKDLGMMIHEQGDVIDSIEANVENAEVHVQQANQQLSRAADYQRKSRKTLCIIILILVIGVAIISLIIWGLNH,261,78.56,AF-O15400-F1,GDM,AlphaFold Monomer v2.0 pipeline,6,0.18,0.107,0.268,0.444
O15488,MSETEFHHGAQAGLELLRSSNSPTSASQSAGMTVTDQAFVTLATNDIYCQGALVLGQSLRRHRLTRKLVVLITPQVSSLLRVILSKVFDEVIEVNLIDSADYIHLAFLKRPELGLTLTKLHCWTLTHYSKCVFLDADTLVLSNVDELFDRGEFSAAPDPGWPDCFNSGVFVFQPSLHTHKLLLQHAMEHGSFDGADQGLLNSFFRNWSTTDIHKHLPFIYNLSSNTMYTYSPAFKQFGSSAKVVHFLGSMKPWNYKYNPQSGSVLEQGSASSSQHQAAFLHLWWTVYQNNVLPLYKSVQAGEARASPGHTLCHSDVGGPCADSASGVGEPCENSTPSAGVPCANSPLGSNQPAQGLPEPTQIVDETLSLPEGRRSEDMIACPETETPAVITCDPLSQPSPQPADFTETETILQPANKVESVSSEETFEPSQELPAEALRDPSLQDALEVDLAVSVSQISIEEKVKELSPEEERRKWEEGRIDYMGKDAFARIQEKLDRFLQ,501,70.94,AF-O15488-F1,GDM,AlphaFold Monomer v2.0 pipeline,6,0.379,0.036,0.16,0.425
O14949,MGREFGNLTRMRHVISYSLSPFEQRAYPHVFTKGIPNVLRRIRESFFRVVPQFVVFYLIYTWGTEEFERSKRKNPAAYENDK,82,94.5,AF-O14949-F1,GDM,AlphaFold Monomer v2.0 pipeline,6,0.0,0.024,0.098,0.878
O15484,MFSCVKPYEDQNYSALRRDCRRRKVLFEDPLFPATDDSLYYKGTPGPAVRWKRPKGICEDPRLFVDGISSHDLHQGQVGNCWFVAACSSLASRESLWQKVIPDWKEQEWDPEKPNAYAGIFHFHFWRFGEWVDVVIDDRLPTVNNQLIYCHSNSRNEFWCALVEKAYAKLAGCYQALDGGNTADALVDFTGGVSEPIDLTEGDFANDETKRNQLFERMLKVHSRGGLISASIKAVTAADMEARLACGLVKGHAYAVTDVRKVRLGHGLLAFFKSEKLDMIRLRNPWGEREWNGPWSDTSEEWQKVSKSEREKMGVTVQDDGEFWMTFEDVCRYFTDIIKCRVINTSHLSIHKTWEEARLHGAWTLHEDPRQNRGGGCINHKDTFFQNPQYIFEVKKPEDEVLICIQQRPKRSTRREGKGENLAIGFDIYKVEENRQYRMHSLQHKAASSIYINSRSVFLRTDQPEGRYVIIPTTFEPGHTGEFLLRVFTDVPSNCRELRLDEPPHTCWSSLCGYPQLVTQVHVLGAAGLKDSPTGANSYVIIKCEGDKVRSAVQKGTSTPEYNVKGIFYRKKLSQPITVQVWNHRVLKDEFLGQVHLKADPDNLQALHTLHLRDRNSRQPSNLPGTVAVHILSSTSLMAV,640,91.5,AF-O15484-F1,GDM,AlphaFold Monomer v2.0 pipeline,6,0.003,0.045,0.194,0.758
A2A2Y4,MFASCHCVPRGRRTMKMIHFRSSSVKSLSQEMRCTIRLLDDSEISCHIQRETKGQFLIDHICNYYSLLEKDYFGIRYVDPEKQRHWLEPNKSIFKQMKTHPPYTMCFRVKFYPHEPLKIKEELTRYLLYLQIKRDIFHGRLLCSFSDAAYLGACIVQAELGDYDPDEHPENYISEFEIFPKQSQKLERKIVEIHKNELRGQSPPVAEFNLLLKAHTLETYGVDPHPCKDSTGTTTFLGFTAAGFVVFQGNKRIHLIKWPDVCKLKFEGKTFYVIGTQKEKKAMLAFHTSTPAACKHLWKCGVENQAFYKYAKSSQIKTVSSSKIFFKGSRFRYSGKVAKEVVEASSKIQREPPEVHRANITQSRSSHSLNKQLIINMEPLQPLLPSPSEQEEELPLGEGVPLPKEENISAPLISSSPVKAAREYEDPPSEEEDKIKEEPLTISELVYNPSASLLPTPVDDDEIDMLFDCPSRLELEREDTDSFEDLEADENAFLIAEEEELKEARRALSWSYDILTGHIRVNPLVKSFSRLLVVGLGLLLFVFPLLLLLLESGIDLSFLCEIRQTPEFEQFHYEYYCPLKEWVAGKVHLILYMLGCS,597,74.5,AF-A2A2Y4-F1,GDM,AlphaFold Monomer v2.0 pipeline,6,0.265,0.064,0.229,0.442
O00422,MAVESRVTQEEIKKEPEKPIDREKTCPLLLRVFTTNNGRHHRMDEFSRGNVPSSELQIYTWMDATLKELTSLVKEVYPEARKKGTHFNFAIVFTDVKRPGYRVKEIGSTMSGRKGTDDSMTLQSQKFQIGDYLDIAITPPNRAPPPSGRMRPY,153,87.06,AF-O00422-F1,GDM,AlphaFold Monomer v2.0 pipeline,6,0.078,0.111,0.085,0.725
O14960,MFSTKALLLAGLISTALAGPWANICAGKSSNEIRTCDRHGCGQYSAQRSQRPHQGVDILCSAGSTVYAPFTGMIVGQEKPYQNKNAINNGVRISGRGFCVKMFYIKPIKYKGPIKKGEKLGTLLPLQKVYPGIQSHVHIENCDSSDPTAYL,151,92.44,AF-O14960-F1,GDM,AlphaFold Monomer v2.0 pipeline,6,0.007,0.113,0.04,0.841
O15511,MSKNTVSSARFRKVDVDEYDENKFVDEEDGGDGQAGPDEGEVDSCLRQGNMTAALQAALKNPPINTKSQAVKDRAGSIVLKVLISFKANDIEKAVQSLDKNGVDLLMKYIYKGFESPSDNSSAMLLQWHEKALAAGGVGSIVRVLTARKTV,151,92.19,AF-O15511-F1,GDM,AlphaFold Monomer v2.0 pipeline,6,0.007,0.073,0.099,0.821
O43439,MAKESGISLKEIQVLARQWKVGPEKRVPAMPGSPVEVKIQSRSSPPTMPPLPPINPGGPRPVSFTPTALSNGINHSPPTLNGAPSPPQRFSNGPASSTSSALTNQQLPATCGARQLSKLKRFLTTLQQFGNDISPEIGEKVRTLVLALVNSTVTIEEFHCKLQEATNFPLRPFVIPFLKANLPLLQRELLHCARAAKQTPSQYLAQHEHLLLNTSIASPADSSELLMEVHGNGKRPSPERREENSFDRDTIAPEPPAKRVCTISPAPRHSPALTVPLMNPGGQFHPTPPPLQHYTLEDIATSHLYREPNKMLEHREVRDRHHSLGLNGGYQDELVDHRLTEREWADEWKHLDHALNCIMEMVEKTRRSMAVLRRCQESDREELNYWKRRYNENTELRKTGTELVSRQHSPGSADSLSNDSQREFNSRPGTGYVPVEFWKKTEEAVNKVKIQAMSEVQKAVAEAEQKAFEVIATERARMEQTIADVKRQAAEDAFLVINEQEESTENCWNCGRKASETCSGCNIARYCGSFCQHKDWERHHRLCGQNLHGQSPHGQGRPLLPVGRGSSARSADCSVPSPALDKTSATTSRSSTPASVTAIDTNGL,604,63.69,AF-O43439-F1,GDM,AlphaFold Monomer v2.0 pipeline,6,0.464,0.089,0.174,0.273
A0A0C5B5G6,MRWQEMGYIFYPRKLR,16,72.06,AF-A0A0C5B5G6-F1,GDM,AlphaFold Monomer v2.0 pipeline,6,0.0,0.375,0.625,0.0
O43913,MPHLENVVLCRESQVSILQSLFGERHHFSFPSIFIYGHTASGKTYVTQTLLKTLELPHVFVNCVECFTLRLLLEQILNKLNHLSSSEDGCSTEITCETFNDFVRLFKQVTTAENLKDQTVYIVLDKAEYLRDMEANLLPGFLRLQELADRNVTVLFLSEIVWEKFRPNTGCFEPFVLYFPDYSIGNLQKILSHDHPPEYSADFYAAYINILLGVFYTVCRDLKELRHLAVLNFPKYCEPVVKGEASERDTRKLWRNIEPHLKKAMQTVYLREISSSQWEKLQKDDTDPGQLKGLSAHTHVELPYYSKFILIAAYLASYNPARTDKRFFLKHHGKIKKTNFLKKHEKTSNHLLGPKPFPLDRLLAILYSIVDSRVAPTANIFSQITSLVTLQLLTLVGHDDQLDGPKYKCTVSLDFIRAIARTVNFDIIKYLYDFL,435,82.19,AF-O43913-F1,GDM,AlphaFold Monomer v2.0 pipeline,6,0.062,0.099,0.478,0.361
O42043,MVTPVTWMDNPIEVYVNDSVWVPGPTDDRCPAKPEEEGMMINISIGYHYPPICLGRAPGCLMPAVQNWLVEVPTVSPNSRFTYHMVSGMSLRPRVNCLQDFSYQRSLKFRPKGKTCPKEIPKGSKNTEVLVWEECVANSVVILQNNEFGTIIDWAPRGQFYHNCSGQTQSCPSAQVSPAVDSDLTESLDKHKHKKLQSFYLWEWEEKGISTPRPKIISPVSGPEHPELWRLTVASHHIRIWSGNQTLETRYRKPFYTIDLNSILTVPLQSCVKPPYMLVVGNIVIKPASQTITCENCRLFTCIDSTFNWQHRILLVRAREGMWIPVSTDRPWEASPSIHILTEILKGVLNRSKRFIFTLIAVIMGLIAVTATAAVAGVALHSSVQSVNFVNYWQKNSTRLWNSQSSIDQKLASQINDLRQTVIWMGDRLMTLEHHFQLQCDWNTSDFCITPQIYNESEHHWDMVRRHLQGREDNLTLDISKLKEQIFEASKAHLNLVPGTEAIAGVADGLANLNPVTWIKTIRSTMIINLILIVVCLFCLLLVCRCTQQLRRDSDIENGP,560,73.12,AF-O42043-F1,GDM,AlphaFold Monomer v2.0 pipeline,6,0.095,0.275,0.536,0.095
O00507,MTAITHGSPVGGNDSQGQVLDGQSQHLFQQNQTSSPDSSNENSVATPPPEEQGQGDAPPQHEDEEPAFPHTELANLDDMINRPRWVVPVLPKGELEVLLEAAIDLSVKGLDVKSEACQRFFRDGLTISFTKILMDEAVSGWKFEIHRCIINNTHRLVELCVAKLSQDWFPLLELLAMALNPHCKFHIYNGTRPCELISSNAQLPEDELFARSSDPRSPKGWLVDLINKFGTLNGFQILHDRFFNGSALNIQIIAALIKPFGQCYEFLSQHTLKKYFIPVIEIVPHLLENLTDEELKKEAKNEAKNDALSMIIKSLKNLASRISGQDETIKNLEIFRLKMILRLLQISSFNGKMNALNEINKVISSVSYYTHRHSNPEEEEWLTAERMAEWIQQNNILSIVLQDSLHQPQYVEKLEKILRFVIKEKALTLQDLDNIWAAQAGKHEAIVKNVHDLLAKLAWDFSPGQLDHLFDCFKASWTNASKKQREKLLELIRRLAEDDKDGVMAHKVLNLLWNLAQSDDVPVDIMDLALSAHIKILDYSCSQDRDAQKIQWIDHFIEELRTNDKWVIPALKQIREICSLFGEASQNLSQTQRSPHIFYRHDLINQLQQNHALVTLVAENLATYMNSIRLYAGDHEDYDPQTVRLGSRYSHVQEVQERLNFLRFLLKDGQLWLCAPQAKQIWKCLAENAVYLCDREACFKWYSKLMGDEPDLDPDINKDFFESNVLQLDPSLLTENGMKCFERFFKAVNCRERKLIAKRRSYMMDDLELIGLDYLWRVVIQSSDEIANRAIDLLKEIYTNLGPRLKANQVVIHEDFIQSCFDRLKASYDTLCVFDGDKNSINCARQEAIRMVRVLTVIKEYINECDSDYHKERMILPMSRAFRGKHLSLIVRFPNQGRQVDELDIWSHTNDTIGSVRRCIVNRIKANVAHKKIELFVGGELIDSEDDRKLIGQLNLKDKSLITAKLTQINFNMPSSPDSSSDSSTASPGNHRNHYNDGPNLEVESCLPGVIMSVHPRYISFLWQVADLGSNLNMPPLRDGARVLMKLMPPDRTAVEKLRAVCLDHAKLGEGKLSPPLDSLFFGPSASQVLYLTEVVYALLMPAGVPLTDGSSDFQVHFLKSGGLPLVLSMLIRNNFLPNTDMETRRGAYLNALKIAKLLLTAIGYGHVRAVAEACQPVVDGTDPITQINQVTHDQAVVLQSALQSIPNPSSECVLRNESILLAQEISNEASRYMPDICVIRAIQKIIWASACGALGLVFSPNEEITKIYQMTTNGSNKLEVEDEQVCCEALEVMTLCFALLPTALDALSKEKAWQTFIIDLLLHCPSKTVRQLAQEQFFLMCTRCCMGHRPLLFFITLLFTILGSTAREKGKYSGDYFTLLRHLLNYAYNGNINIPNAEVLLVSEIDWLKRIRDNVKNTGETGVEEPILEGHLGVTKELLAFQTSEKKYHFGCEKGGANLIKELIDDFIFPASKVYLQYLRSGELPAEQAIPVCSSPVTINAGFELLVALAIGCVRNLKQIVDCLTEMYYMGTAITTCEALTEWEYLPPVGPRPPKGFVGLKNAGATCYMNSVIQQLYMIPSIRNSILAIEGTGSDLHDDMFGDEKQDSESNVDPRDDVFGYPHQFEDKPALSKTEDRKEYNIGVLRHLQVIFGHLAASQLQYYVPRGFWKQFRLWGEPVNLREQHDALEFFNSLVDSLDEALKALGHPAILSKVLGGSFADQKICQGCPHRYECEESFTTLNVDIRNHQNLLDSLEQYIKGDLLEGANAYHCEKCDKKVDTVKRLLIKKLPRVLAIQLKRFDYDWERECAIKFNDYFEFPRELDMGPYTVAGVANLERDNVNSENELIEQKEQSDNETAGGTKYRLVGVLVHSGQASGGHYYSYIIQRNGKDDQTDHWYKFDDGDVTECKMDDDEEMKNQCFGGEYMGEVFDHMMKRMSYRRQKRWWNAYILFYEQMDMIDEDDEMIRYISELTIARPHQIIMSPAIERSVRKQNVKFMHNRLQYSLEYFQFVKKLLTCNGVYLNPAPGQDYLLPEAEEITMISIQLAARFLFTTGFHTKKIVRGPASDWYDALCVLLRHSKNVRFWFTHNVLFNVSNRFSEYLLECPSAEVRGAFAKLIVFIAHFSLQDGSCPSPFASPGPSSQACDNLSLSDHLLRATLNLLRREVSEHGHHLQQYFNLFVMYANLGVAEKTQLLKLNVPATFMLVSLDEGPGPPIKYQYAELGKLYSVVSQLIRCCNVSSTMQSSINGNPPLPNPFGDLNLSQPIMPIQQNVLDILFVRTSYVKKIIEDCSNSEDTIKLLRFCSWENPQFSSTVLSELLWQVAYSYTYELRPYLDLLFQILLIEDSWQTHRIHNALKGIPDDRDGLFDTIQRSKNHYQKRAYQCIKCMVALFSSCPVAYQILQGNGDLKRKWTWAVEWLGDELERRPYTGNPQYSYNNWSPPVQSNETANGYFLERSHSARMTLAKACELCPEEEPDDQDAPDEHEPSPSEDAPLYPHSPASQYQQNNHVHGQPYTGPAAHHLNNPQKTGQRTQENYEGNEEVSSPQMKDQ,2555,79.19,AF-O00507-F1,GDM,AlphaFold Monomer v2.0 pipeline,6,0.115,0.069,0.505,0.31
O15127,MSAFDTNPFADPVDVNPFQDPSVTQLTNAPQGGLAEFNPFSETNAATTVPVTQLPGSSQPAVLQPSVEPTQPTPQAVVSAAQAGLLRQQEELDRKAAELERKERELQNTVANLHVRQNNWPPLPSWCPVKPCFYQDFSTEIPADYQRICKMLYYLWMLHSVTLFLNLLACLAWFSGNSSKGVDFGLSILWFLIFTPCAFLCWYRPIYKAFRSDNSFSFFVFFFVFFCQIGIYIIQLVGIPGLGDSGWIAALSTLDNHSLAISVIMMVVAGFFTLCAVLSVFLLQRVHSLYRRTGASFQQAQEEFSQGIFSSRTFHRAASSAAQGAFQGN,329,76.31,AF-O15127-F1,GDM,AlphaFold Monomer v2.0 pipeline,6,0.167,0.176,0.204,0.453
O00453,MLSRNDDICIYGGLGLGGLLLLAVVLLSACLCWLHRRVKRLERSWAQGSSEQELHYASLQRLPVPSSEGPDLRGRDKRGTKEDPRADYACIAENKPT,97,70.44,AF-O00453-F1,GDM,AlphaFold Monomer v2.0 pipeline,6,0.134,0.392,0.258,0.216
O00115,MIPLLLAALLCVPAGALTCYGDSGQPVDWFVVYKLPALRGSGEAAQRGLQYKYLDESSGGWRDGRALINSPEGAVGRSLQPLYRSNTSQLAFLLYNDQPPQPSKAQDSSMRGHTKGVLLLDHDGGFWLVHSVPNFPPPASSAAYSWPHSACTYGQTLLCVSFPFAQFSKMGKQLTYTYPWVYNYQLEGIFAQEFPDLENVVKGHHVSQEPWNSSITLTSQAGAVFQSFAKFSKFGDDLYSGWLAAALGTNLQVQFWHKTVGILPSNCSDIWQVLNVNQIAFPGPAGPSFNSTEDHSKWCVSPKGPWTCVGDMNRNQGEEQRGGGTLCAQLPALWKAFQPLVKNYQPCNGMARKPSRAYKI,360,91.06,AF-O00115-F1,GDM,AlphaFold Monomer v2.0 pipeline,6,0.044,0.056,0.078,0.822
O43310,MENSSAASASSEAGSSRSQEIEELERFIDSYVLEYQVQGLLADKTEGDGESERTQSHISQWTADCSEPLDSSCSFSRGRAPPQQNGSKDNSLDMLGTDIWAANTFDSFSGATWDLQPEKLDFTQFHRKVRHTPKQPLPHIDREGCGKGKLEDGDGINLNDIEKVLPAWQGYHPMPHEVEIAHTKKLFRRRRNDRRRQQRPPGGNKPQQHGDHQPGSAKHNRDHQKSYQGGSAPHPSGRPTHHGYSQNRRWHHGNMKHPPGDKGEAGAHRNAKETMTIENPKLEDTAGDTGHSSLEAPRSPDTLAPVASERLPPQQSGGPEVETKRKDSILPERIGERPKITLLQSSKDRLRRRLKEKDEVAVETTTPQQNKMDKLIEILNSMRNNSSDVDTKLTTFMEEAQNSTNSEEMLGEIVRTIYQKAVSDRSFAFTAAKLCDKMALFMVEGTKFRSLLLNMLQKDFTVREELQQQDVERWLGFITFLCEVFGTMRSSTGEPFRVLVCPIYTCLRELLQSQDVKEDAVLCCSMELQSTGRLLEEQLPEMMTELLASARDKMLCPSESMLTRSLLLEVIELHANSWNPLTPPITQYYNRTIQKLTA,598,62.31,AF-O43310-F1,GDM,AlphaFold Monomer v2.0 pipeline,6,0.446,0.085,0.135,0.333
A7E2V4,MELMFAEWEDGERFSFEDSDRFEEDSLCSFISEAESLCQNWRGWRKQSAGPNSPTGGGGGGGSGGTRMRDGLVIPLVELSAKQVAFHIPFEVVEKVYPPVPEQLQLRIAFWSFPENEEDIRLYSCLANGSADEFQRGDQLFRMRAVKDPLQIGFHLSATVVPPQMVPPKGAYNVAVMFDRCRVTSCSCTCGAGAKWCTHVVALCLFRIHNASAVCLRAPVSESLSRLQRDQLQKFAQYLISELPQQILPTAQRLLDELLSSQSTAINTVCGAPDPTAGPSASDQSTWYLDESTLTDNIKKTLHKFCGPSPVVFSDVNSMYLSSTEPPAAAEWACLLRPLRGREPEGVWNLLSIVREMFKRRDSNAAPLLEILTDQCLTYEQITGWWYSVRTSASHSSASGHTGRSNGQSEVAAHACASMCDEMVTLWRLAVLDPALSPQRRRELCTQLRQWQLKVIENVKRGQHKKTLERLFPGFRPAVEACYFNWEEAYPLPGVTYSGTDRKLALCWARALPSRPGASRSGGLEESRDRPRPLPTEPAVRPKEPGTKRKGLGEGVPSSQRGPRRLSAEGGDKALHKMGPGGGKAKALGGAGSGSKGSAGGGSKRRLSSEDSSLEPDLAEMSLDDSSLALGAEASTFGGFPESPPPCPLHGGSRGPSTFLPEPPDTYEEDGGVYFSEGPEPPTASVGPPGLLPGDVCTQDDLPSTDESGNGLPKTKEAAPAVGEEDDDYQAYYLNAQDGAGGEEEKAEGGAGEEHDLFAGLKPLEQESRMEVLFACAEALHAHGYSSEASRLTVELAQDLLANPPDLKVEPPPAKGKKNKVSTSRQTWVATNTLSKAAFLLTVLSERPEHHNLAFRVGMFALELQRPPASTKALEVKLAYQESEVAALLKKIPLGPSEMSTMRCRAEELREGTLCDYRPVLPLMLASFIFDVLCAPGSRPPSRNWNSETPGDEELGFEAAVAALGMKTTVSEAEHPLLCEGTRREKGDLALALMITYKDDQAKLKKILDKLLDRESQTHKPQTLSSFYSSSRPTTASQRSPSKHGGPSAPGALQPLTSGSAGPAQPGSVAGAGPGPTEGFTEKNVPESSPHSPCEGLPSEAALTPRPEGKVPSRLALGSRGGYNGRGWGSPGRPKKKHTGMASIDSSAPETTSDSSPTLSRRPLRGGWAPTSWGRGQDSDSISSSSSDSLGSSSSSGSRRASASGGARAKTVEVGRYKGRRPESHAPHVPNQPSEAAAHFYFELAKTVLIKAGGNSSTSIFTHPSSSGGHQGPHRNLHLCAFEIGLYALGLHNFVSPNWLSRTYSSHVSWITGQAMEIGSAALTILVECWDGHLTPPEVASLADRASRARDSNMVRAAAELALSCLPHAHALNPNEIQRALVQCKEQDNLMLEKACMAVEEAAKGGGVYPEVLFEVAHQWFWLYEQTAGGSSTAREGATSCSASGIRAGGEAGRGMPEGRGGPGTEPVTVAAAAVTAAATVVPVISVGSSLYPGPGLGHGHSPGLHPYTALQPHLPCSPQYLTHPAHPAHPMPHMPRPAVFPVPSSAYPQGVHPAFLGAQYPYSVTPPSLAATAVSFPVPSMAPITVHPYHTEPGLPLPTSVACELWGQGTVSSVHPASTFPAIQGASLPALTTQPSPLVSGGFPPPEEETHSQPVNPHSLHHLHAAYRVGMLALEMLGRRAHNDHPNNFSRSPPYTDDVKWLLGLAAKLGVNYVHQFCVGAAKGVLSPFVLQEIVMETLQRLSPAHAHNHLRAPAFHQLVQRCQQAYMQYIHHRLIHLTPADYDDFVNAIRSARSAFCLTPMGMMQFNDILQNLKRSKQTKELWQRVSLEMATFSP,1837,61.94,AF-A7E2V4-F1,GDM,AlphaFold Monomer v2.0 pipeline,6,0.444,0.043,0.236,0.278
C9JLW8,MTSSPVSRVVYNGKRTSSPRSPPSSSEIFTPAHEENVRFIYEAWQGVERDLRGQVPGGERGLVEEYVEKVPNPSLKTFKPIDLSDLKRRSTQDAKKS,97,75.44,AF-C9JLW8-F1,GDM,AlphaFold Monomer v2.0 pipeline,6,0.041,0.402,0.309,0.247
O14939,MTATPESLFPTGDELDSSQLQMESDEVDTLKEGEDPADRMHPFLAIYELQSLKVHPLVFAPGVPVTAQVVGTERYTSGSKVGTCTLYSVRLTHGDFSWTTKKKYRHFQELHRDLLRHKVLMSLLPLARFAVAYSPARDAGNREMPSLPRAGPEGSTRHAASKQKYLENYLNRLLTMSFYRNYHAMTEFLEVSQLSFIPDLGRKGLEGMIRKRSGGHRVPGLTCCGRDQVCYRWSKRWLVVKDSFLLYMCLETGAISFVQLFDPGFEVQVGKRSTEARHGVRIDTSHRSLILKCSSYRQARWWAQEITELAQGPGRDFLQLHRHDSYAPPRPGTLARWFVNGAGYFAAVADAILRAQEEIFITDWWLSPEVYLKRPAHSDDWRLDIMLKRKAEEGVRVSILLFKEVELALGINSGYSKRALMLLHPNIKVMRHPDQVTLWAHHEKLLVVDQVVAFLGGLDLAYGRWDDLHYRLTDLGDSSESAASQPPTPRPDSPATPDLSHNQFFWLGKDYSNLITKDWVQLDRPFEDFIDRETTPRMPWRDVGVVVHGLPARDLARHFIQRWNFTKTTKAKYKTPTYPYLLPKSTSTANQLPFTLPGGQCTTVQVLRSVDRWSAGTLENSILNAYLHTIRESQHFLYIENQFFISCSDGRTVLNKVGDEIVDRILKAHKQGWCYRVYVLLPLLPGFEGDISTGGGNSIQAILHFTYRTLCRGEYSILHRLKAAMGTAWRDYISICGLRTHGELGGHPVSELIYIHSKVLIADDRTVIIGSANINDRSLLGKRDSELAVLIEDTETEPSLMNGAEYQAGRFALSLRKHCFGVILGANTRPDLDLRDPICDDFFQLWQDMAESNANIYEQIFRCLPSNATRSLRTLREYVAVEPLATVSPPLARSELTQVQGHLVHFPLKFLEDESLLPPLGSKEGMIPLEVWT,933,88.94,AF-O14939-F1,GDM,AlphaFold Monomer v2.0 pipeline,6,0.063,0.044,0.162,0.731
O43155,MGLQTTKWPSHGAFFLKSWLIISLGLYSQVSKLLACPSVCRCDRNFVYCNERSLTSVPLGIPEGVTVLYLHNNQINNAGFPAELHNVQSVHTVYLYGNQLDEFPMNLPKNVRVLHLQENNIQTISRAALAQLLKLEELHLDDNSISTVGVEDGAFREAISLKLLFLSKNHLSSVPVGLPVDLQELRVDENRIAVISDMAFQNLTSLERLIVDGNLLTNKGIAEGTFSHLTKLKEFSIVRNSLSHPPPDLPGTHLIRLYLQDNQINHIPLTAFSNLRKLERLDISNNQLRMLTQGVFDNLSNLKQLTARNNPWFCDCSIKWVTEWLKYIPSSLNVRGFMCQGPEQVRGMAVRELNMNLLSCPTTTPGLPLFTPAPSTASPTTQPPTLSIPNPSRSYTPPTPTTSKLPTIPDWDGRERVTPPISERIQLSIHFVNDTSIQVSWLSLFTVMAYKLTWVKMGHSLVGGIVQERIVSGEKQHLSLVNLEPRSTYRICLVPLDAFNYRAVEDTICSEATTHASYLNNGSNTASSHEQTTSHSMGSPFLLAGLIGGAVIFVLVVLLSVFCWHMHKKGRYTSQKWKYNRGRRKDDYCEAGTKKDNSILEMTETSFQIVSLNNDQLLKGDFRLQPIYTPNGGINYTDCHIPNNMRYCNSSVPDLEHCHT,660,74.75,AF-O43155-F1,GDM,AlphaFold Monomer v2.0 pipeline,6,0.265,0.103,0.152,0.48
O43166,MTSLKRSQTERPLATDRASVVGTDGTPKVHTDDFYMRRFRSQNGSLGSSVMAPVGPPRSEGSHHITSTPGVPKMGVRARIADWPPRKENIKESSRSSQEIETSSCLDSLSSKSSPVSQGSSVSLNSNDSAMLKSIQNTLKNKTRPSENMDSRFLMPEAYPSSPRKALRRIRQRSNSDITISELDVDSFDECISPTYKTGPSLHREYGSTSSIDKQGTSGESFFDLLKGYKDDKSDRGPTPTKLSDFLITGGGKGSGFSLDVIDGPISQRENLRLFKEREKPLKRRSKSETGDSSIFRKLRNAKGEELGKSSDLEDNRSEDSVRPWTCPKCFAHYDVQSILFDLNEAIMNRHNVIKRRNTTTGASAAAVASLVSGPLSHSASFSSPMGSTEDLNSKGSLSMDQGDDKSNELVMSCPYFRNEIGGEGERKISLSKSNSGSFSGCESASFESTLSSHCTNAGVAVLEVPKENLVLHLDRVKRYIVEHVDLGAYYYRKFFYQKEHWNYFGADENLGPVAVSIRREKPDEMKENGSPYNYRIIFRTSELMTLRGSVLEDAIPSTAKHSTARGLPLKEVLEHVVPELNVQCLRLAFNTPKVTEQLMKLDEQGLNYQQKVGIMYCKAGQSTEEEMYNNESAGPAFEEFLQLLGERVRLKGFEKYRAQLDTKTDSTGTHSLYTTYKDYEIMFHVSTMLPYTPNNKQQLLRKRHIGNDIVTIVFQEPGAQPFSPKNIRSHFQHVFVIVRVHNPCSDSVCYSVAVTRSRDVPSFGPPIPKGVTFPKSNVFRDFLLAKVINAENAAHKSEKFRAMATRTRQEYLKDLAEKNVTNTPIDPSGKFPFISLASKKKEKSKPYPGAELSSMGAIVWAVRAEDYNKAMELDCLLGISNEFIVLIEQETKSVVFNCSCRDVIGWTSTDTSLKIFYERGECVSVGSFINIEEIKEIVKRLQFVSKGCESVEMTLRRNGLGQLGFHVNYEGIVADVEPYGYAWQAGLRQGSRLVEICKVAVATLSHEQMIDLLRTSVTVKVVIIPPHDDCTPRRSCSETYRMPVMEYKMNEGVSYEFKFPFRNNNKWQRNASKGPHSPQVPSQVQSPMTSRLNAGKGDGKMPPPERAANIPRSISSDGRPLERRLSPGSDIYVTVSSMALARSQCRNSPSNLSSSSDTGSVGGTYRQKSMPEGFGVSRRSPASIDRQNTQSDIGGSGKSTPSWQRSEDSIADQMAYSYRGPQDFNSFVLEQHEYTEPTCHLPAVSKVLPAFRESPSGRLMRQDPVVHLSPNKQGHSDSHYSSHSSSNTLSSNASSAHSDEKWYDGDRTESELNSYNYLQGTSADSGIDTTSYGPSHGSTASLGAATSSPRSGPGKEKVAPLWHSSSEVISMADRTLETESHGLDRKTESSLSLDIHSKSQAGSTPLTRENSTFSINDAASHTSTMSSRHSASPVVFTSARSSPKEELHPAAPSQLAPSFSSSSSSSSGPRSFYPRQGATSKYLIGWKKPEGTINSVGFMDTRKRHQSDGNEIAHTRLRASTRDLRASPKPTSKSTIEEDLKKLIDLESPTPESQKSFKFHALSSPQSPFPSTPTSRRALHRTLSDESIYNSQREHFFTSRASLLDQALPNDVLFSSTYPSLPKSLPLRRPSYTLGMKSLHGEFSASDSSLTDIQETRRQPMPDPGLMPLPDTAADLDWSNLVDAAKAYEVQRASFFAASDENHRPLSAASNSDQLEDQALAQMKPYSSSKDSSPTLASKVDQLEGMLKMLREDLKKEKEDKAHLQAEVQHLREDNLRLQEESQNASDKLKKFTEWVFNTIDMS,1804,54.5,AF-O43166-F1,GDM,AlphaFold Monomer v2.0 pipeline,6,0.598,0.034,0.187,0.181
A6NKB5,MVSQVLQLLRQGVWAALTGGWYHDPEQSKFTNSCHLYLWLFLLLLPLALHLAFPPNAIIVFFYCSAVTIFFTIIKLVSYRLHLMFDKGEVIQQKPSRKEEKPNKDKEAKGEHITNHRNPSNNRQIHNGKKEEASRNLSTPPLRCSSRGQSITSHHSSGPLELSAQETVEDLKGVILLEDHPIAPVSSTSPGIKVESLPASQAHMLETTTKSVIPVKPVATETLINGKGKERGGKGQPPLRHRSEGGLVDKGPLKKLPHLSLSQYDLLETDVSFQPWGSENSVLIPEPVSCPRGSIRERVQSKSPQDSLSSSCPQCDTIVAKPVEEPADTSCQVDTSCQGDLPLHQEVDSSDSEVAVTLIDTSQPGDPLSLHEPIKIVITMSSTPNSMTDLESSLHLRVVGTEKTSVKSDAEPTNPGAAGSPNAEQISIPVITLDLPEGGGGGVPCPEGNGSERTPERLKTRVSTNQCSGYGSGEGGNAIKDHSSSSREPWESVSRLTPDTGSESKVGKEGQTNLDPSSCKSSHEKRHARVLSVDSGTDVFLSKSSAEIVNDTEKTMPTSKSDLEAKEGQMPNESNFLEFVSLLESINTSKMTASSQLNGSAEQNEESGLLRDNCSQEKKEEILENEKPSGHSSKQGKPDLQSQDHTSTGPACTQPAKTTAFFQGNRQRQIIYRVTSQQDSSVLQVISGPETSVQEEISVDAMHVFIDEHGEIRSCYLKSGNQKEGPLQPLPSNNDCLSQAREMQVSSSSTTTSESQDPSSGDPAVSALQQQLLLMVARRTQSETPRHVSQDLEASSCSSTQGKFNREQFYKFIIFPGKWIKVWYDRLTLLALLDRTEDIKENVLAILLIVLVSLLGFLTLSQGFCKDMWVLLFCLVMASCQYSLLKSVQPDPASPIHGHNQIITYSRPIYFCVLCGLILLLDTGAKARHPPSYVVYGLKLFSPVFLQSARDYLIVFLYCFPAISLLGLFPQINTFCTYLLEQIDMLFFGGSAVSGITSAVYSVARSVLAAALLHAVCFSAVKEPWSMQHIPALFSAFCGLLVALSYHLSRQSSDPSVLMSFIQCRLFPKFLHQNLAESAADPLPKKMKDSVTDVLKWDLIVCAVVAVLSFAVSASTVFLSLRPFLSIVLFALAGAVGFVTHYVLPQLRKHHPWMWISHPILKNKEYHQREVRDVAHLMWFERLYVWLQCFEKYILYPALILNALTIDAFLISNHRRLGTHWDIFLMIIAGMKLLRTSFCNPVYQFINLSFTVIFFHFDYKDISESFLLDFFMVSILFSKLGDLLHKLQFVLTYVAPWQMAWGSSFHVFAQLFAIPHSAMLFFQTIATSIFSTPLSPFLGSVIFITSYVRPVKFWEKNYNTRRVDNSNTRLAVQIERDPGNDDNNLNSIFYEHLTRTLQESLCGDLVLGRWGNYSSGDCFILASDDLNAFVHLIEIGNGLVTFQLRGLEFRGTYCQQREVEAIMEGDEEDRGCCCCKPGHLPHLLSCNAAFHLRWLTWEITQTQYILEGYSILDNNAATMLQVFDLRRILIRYYIKSIIYYMVTSPKLLSWIKNESLLKSLQPFAKWHYIERDLAMFNINIDDDYVPCLQGITRASFCNVYLEWIQHCARKRQEPSTTLDSDEDSPLVTLSFALCTLGRRALGTAAHNMAISLDSFLYGLHVLFKGDFRITARDEWVFADMDLLHKVVAPAIRMSLKLHQDQFTCPDEYEDPAVLYEAIQSFEKKVVICHEGDPAWRGAVLSNKEELLTLRHVVDEGADEYKVIMLHRSFLSFKVIKVNKECVRGLWAGQQQELIFLRNRNPERGSIQNNKQVLRNLINSSCDQPLGYPMYVSPLTTSYLGTHRQLKNIWGGPITLDRIRTWFWTKWVRMRKDCNARQHSGGNIEDVDGGGAPTTGGNNAPSGGSQESSAEQPRKGGAQHGVSSCEGTQRTGRRKGRSQSVQAHSALSQRPPMLSSSGPILESRQTFLQTSTSVHELAQRLSGSRLSLHASATSLHSQPPPVTTTGHLSVRERAEALIRSSLGSSTSSTLSFLFGKRSFSSALVISGLSAAEGGNTSDTQSSSSVNIVMGPSARAASQATRHLSEPCEPPDATEQGQLHDRCLAEAVADTLGVVCRRASQEDMGLDDTASQQSVSDEQ,2137,56.62,AF-A6NKB5-F1,GDM,AlphaFold Monomer v2.0 pipeline,6,0.467,0.087,0.337,0.108
A6NGG8,MGCTPSHSDLVNSVAKSGIQFLKKPKAIRPGCQGGSERGSIPLLVKNSTCYDAGEGLAEEQPSPRRNQTTAKGLCQLMGDPASGKRKDMEGLIPGTKTSSSQLNKSQSHMAKDIPFKTQGSHGSQGADFSGDESEESSTQDTSKWKRTAKCHTSSTQSHCYQTIHPAHEPEGKVDFPEPLVKAHQQAYTYLHSSLSKYEAILCIIHQATQTRELLQPMVSFLLLCFEEISQLLGEISKDGEVLLQEVREDLAWPLKKREPQEQPNLLQQLLQYTVSKLQVLNGTVASLTGSFLEGSSSYLHSTATHLENKLSTKRNVDERLLRALRQLESLASGCGDPGVQGLPLCSEDSGIGADNESVQSVDKLGKQTSWDLAPEPEEWKSVTSPHTEARQSGHTWQQSPFCLGSGRPQDCLLSGAPMAKVQPRAQDEARSPCLSSTSPENITSPPLKLGTSTPCDSFGIGVSVEPHLSKTSRPMDASSLSDSEDSSPEEEEEDKMSSMSLCAWQEKTPHSRPQSSPADRESPFQARTRRLRSLQAQEMILKMKESISERIKFVPVPCGHQDWSEEEEGRTVVPPRPSTVSGSRRAPERQTRSQSESCLQSHVEDPTFQELRRVQRDLSQKLEAFYALGAKGQGQSQEQILQPRAAAVWPNGTCRVSPSNTTSRLKASLTKNFSILPSQDKSILQKCNPHPEDEQGKAGKLPNAIPSGEVSEAAKATDWNVRGCPTRTSVKKLIETFSPTESLRMLGDSKDAGASPCLRNCIMPPRFPKYTGLAPLYPKPQISPASGRESLKMGIGWKPLAPIFPPLPKAEAAKSEELSCEMEGNLEHLPPPPMEVLMDKSFASLESPESSKSTENSPKETQEPGPGEAGPTRRTWASPKLRASVSPLDLLPSKSTASLTKPHSTGPGSGRSSCQPRKPALDLSSPPATSQSPEVKGGTWSQAEKATSLYRQPRKAIAWHHSGPPSGQNRTSESSLARPRQSRERSPPVGRKASPTRTHWVPQADKRRRSLPSSYRPAQPSPSAVQTPPSPPVSPRVLSPPTTKRRTSPPHQPKLPNPPPESAPAQCKVPSPPTQHPEASPPFSIPSPSPPMSPSQEHKETRDSEDSQAVIAKVSGNTHSIFCPATSSLFEAKPPLSTAHPLTPPSLPPEAGGPLGNPAECWKNSSGPWLRADSQRRAALCALNPLPFLRRTASDRQPGGRPQPPTLDPTSTSYESQLGQNSSSEESPKKDTEPGSSPCSPELQGGTRRASPPEFCVLGHGLQPEPRTGHIQDKSQPEAQPQQEEVS,1288,43.78,AF-A6NGG8-F1,GDM,AlphaFold Monomer v2.0 pipeline,6,0.82,0.073,0.106,0.002
O43761,MEGASFGAGRAGAALDPVSFARRPQTLLRVASWVFSIAVFGPIVNEGYVNTDSGPELRCVFNGNAGACRFGVALGLGAFLACAAFLLLDVRFQQISSVRDRRRAVLLDLGFSGLWSFLWFVGFCFLTNQWQRTAPGPATTQAGDAARAAIAFSFFSILSWVALTVKALQRFRLGTDMSLFATEQLSTGASQAYPGYPVGSGVEGTETYQSPPFTETLDTSPKGYQVPAY,229,80.31,AF-O43761-F1,GDM,AlphaFold Monomer v2.0 pipeline,6,0.153,0.14,0.188,0.52
O15520,MWKWILTHCASAFPHLPGCCCCCFLLLFLVSSVPVTCQALGQDMVSPEATNSSSSSFSSPSSAGRHVRSYNHLQGDVRWRKLFSFTKYFLKIEKNGKVSGTKKENCPYSILEITSVEIGVVAVKAINSNYYLAMNKKGKLYGSKEFNNDCKLKERIEENGYNTYASFNWQHNGRQMYVALNGKGAPRRGQKTRRKNTSAHFLPMVVHS,208,80.0,AF-O15520-F1,GDM,AlphaFold Monomer v2.0 pipeline,6,0.221,0.111,0.053,0.615
O14503,MERIPSAQPPPACLPKAPGLEHGDLPGMYPAHMYQVYKSRRGIKRSEDSKETYKLPHRLIEKKRRDRINECIAQLKDLLPEHLKLTTLGHLEKAVVLELTLKHVKALTNLIDQQQQKIIALQSGLQAGELSGRNVETGQEMFCSGFQTCAREVLQYLAKHENTRDLKSSQLVTHLHRVVSELLQGGTSRKPSDPAPKVMDFKEKPSSPAKGSEGPGKNCVPVIQRTFAHSSGEQSGSDTDTDSGYGGESEKGDLRSEQPCFKSDHGRRFTMGERIGAIKQESEEPPTKKNRMQLSDDEGHFTSSDLISSPFLGPHPHQPPFCLPFYLIPPSATAYLPMLEKCWYPTSVPVLYPGLNASAAALSSFMNPDKISAPLLMPQRLPSPLPAHPSVDSSVLLQALKPIPPLNLETKD,412,59.94,AF-O14503-F1,GDM,AlphaFold Monomer v2.0 pipeline,6,0.454,0.272,0.114,0.16
B7U540,MTAASRANPYSIVSLEEDGLHLVTMSGANGFGNGKVHTRRRCRNRFVKKNGQCNIAFANMDEKSQRYLADMFTTCVDIRWRYMLLIFSLAFLASWLLFGVIFWVIAVAHGDLEPAEGHGRTPCVMQVHGFMAAFLFSIETQTTIGYGLRCVTEECLVAVFMVVAQSIVGCIIDSFMIGAIMAKMARPKKRAQTLLFSHNAVVALRDGKLCLMWRVGNLRKSHIVEAHVRAQLIKPRVTEEGEYIPLDQIDIDVGFDKGLDRIFLVSPITILHEIDEASPLFGISRQDLETDDFEIVVILEGMVEATAMTTQARSSYLANEILWGHRFEPVLFEEKNQYKIDYSHFHKTYEVPSTPRCSAKDLVENKFLLPSANSFCYENELAFLSRDEEDEADGDQDGRSRDGLSPQARHDFDRLQAGGGVLEQRPYRRGSEI,433,80.62,AF-B7U540-F1,GDM,AlphaFold Monomer v2.0 pipeline,6,0.199,0.062,0.079,0.661
O43474,MRQPPGESDMAVSDALLPSFSTFASGPAGREKTLRQAGAPNNRWREELSHMKRLPPVLPGRPYDLAAATVATDLESGGAGAACGGSNLAPLPRRETEEFNDLLDLDFILSNSLTHPPESVAATVSSSASASSSSSPSSSGPASAPSTCSFTYPIRAGNDPGVAPGGTGGGLLYGRESAPPPTAPFNLADINDVSPSGGFVAELLRPELDPVYIPPQQPQPPGGGLMGKFVLKASLSAPGSEYGSPSVISVSKGSPDGSHPVVVAPYNGGPPRTCPKIKQEAVSSCTHLGAGPPLSNGHRPAAHDFPLGRQLPSRTTPTLGLEEVLSSRDCHPALPLPPGFHPHPGPNYPSFLPDQMQPQVPPLHYQGQSRGFVARAGEPCVCWPHFGTHGMMLTPPSSPLELMPPGSCMPEEPKPKRGRRSWPRKRTATHTCDYAGCGKTYTKSSHLKAHLRTHTGEKPYHCDWDGCGWKFARSDELTRHYRKHTGHRPFQCQKCDRAFSRSDHLALHMKRHF,513,48.94,AF-O43474-F1,GDM,AlphaFold Monomer v2.0 pipeline,6,0.721,0.088,0.191,0.0
O00161,MDNLSSEEIQQRAHQITDESLESTRRILGLAIESQDAGIKTITMLDEQKEQLNRIEEGLDQINKDMRETEKTLTELNKCCGLCVCPCNRTKNFESGKAYKTTWGDGGENSPCNVVSKQPGPVTNGQLQQPTTGAASGGYIKRITNDAREDEMEENLTQVGSILGNLKDMALNIGNEIDAQNPQIKRITDKADTNRDRIDIANARAKKLIDS,211,82.12,AF-O00161-F1,GDM,AlphaFold Monomer v2.0 pipeline,6,0.095,0.147,0.265,0.493
O14744,MAAMAVGGAGGSRVSSGRDLNCVPEIADTLGAVAKQGFDFLCMPVFHPRFKREFIQEPAKNRPGPQTRSDLLLSGRDWNTLIVGKLSPWIRPDSKVEKIRRNSEAAMLQELNFGAYLGLPAFLLPLNQEDNTNLARVLTNHIHTGHHSSMFWMRVPLVAPEDLRDDIIENAPTTHTEEYSGEEKTWMWWHNFRTLCDYSKRIAVALEIGADLPSNHVIDRWLGEPIKAAILPTSIFLTNKKGFPVLSKMHQRLIFRLLKLEVQFIITGTNHHSEKEFCSYLQYLEYLSQNRPPPNAYELFAKGYEDYLQSPLQPLMDNLESQTYEVFEKDPIKYSQYQQAIYKCLLDRVPEEEKDTNVQVLMVLGAGRGPLVNASLRAAKQADRRIKLYAVEKNPNAVVTLENWQFEEWGSQVTVVSSDMREWVAPEKADIIVSELLGSFADNELSPECLDGAQHFLKDDGVSIPGEYTSFLAPISSSKLYNEVRACREKDRDPEAQFEMPYVVRLHNFHQLSAPQPCFTFSHPNRDPMIDNNRYCTLEFPVEVNTVLHGFAGYFETVLYQDITLSIRPETHSPGMFSWFPILFPIKQPITVREGQTICVRFWRCSNSKKVWYEWAVTAPVCSAIHNPTGRSYTIGL,637,93.31,AF-O14744-F1,GDM,AlphaFold Monomer v2.0 pipeline,6,0.02,0.024,0.072,0.884
O43143,MSKRHRLDLGEDYPSGKKRAGTDGKDRDRDRDREDRSKDRDRERDRGDREREREKEKEKELRASTNAMLISAGLPPLKASHSAHSTHSAHSTHSTHSAHSTHAGHAGHTSLPQCINPFTNLPHTPRYYDILKKRLQLPVWEYKDRFTDILVRHQSFVLVGETGSGKTTQIPQWCVEYMRSLPGPKRGVACTQPRRVAAMSVAQRVADEMDVMLGQEVGYSIRFEDCSSAKTILKYMTDGMLLREAMNDPLLERYGVIILDEAHERTLATDILMGVLKEVVRQRSDLKVIVMSATLDAGKFQIYFDNCPLLTIPGRTHPVEIFYTPEPERDYLEAAIRTVIQIHMCEEEEGDLLLFLTGQEEIDEACKRIKREVDDLGPEVGDIKIIPLYSTLPPQQQQRIFEPPPPKKQNGAIGRKVVVSTNIAETSLTIDGVVFVIDPGFAKQKVYNPRIRVESLLVTAISKASAQQRAGRAGRTRPGKCFRLYTEKAYKTEMQDNTYPEILRSNLGSVVLQLKKLGIDDLVHFDFMDPPAPETLMRALELLNYLAALNDDGDLTELGSMMAEFPLDPQLAKMVIASCDYNCSNEVLSITAMLSVPQCFVRPTEAKKAADEAKMRFAHIDGDHLTLLNVYHAFKQNHESVQWCYDNFINYRSLMSADNVRQQLSRIMDRFNLPRRSTDFTSRDYYINIRKALVTGYFMQVAHLERTGHYLTVKDNQVVQLHPSTVLDHKPEWVLYNEFVLTTKNYIRTCTDIKPEWLVKIAPQYYDMSNFPQCEAKRQLDRIIAKLQSKEYSQY,795,85.88,AF-O43143-F1,GDM,AlphaFold Monomer v2.0 pipeline,6,0.094,0.052,0.191,0.663
E0CX11,MLQFLLGFTLGNVVGMYLAQNYDIPNLAKKLEEIKKDLDAKKKPPSA,47,84.75,AF-E0CX11-F1,GDM,AlphaFold Monomer v2.0 pipeline,6,0.0,0.106,0.468,0.426
O15318,MAGNKGRGRAAYTFNIEAVGFSKGEKLPDVVLKPPPLFPDTDYKPVPLKTGEGEEYMLALKQELRETMKRMPYFIETPEERQDIERYSKRYMKVYKEEWIPDWRRLPREMMPRNKCKKAGPKPKKAKDAGKGTPLTNTEDVLKKMEELEKRGDGEKSDEENEEKEGSKEKSKEGDDDDDDDAAEQEEYDEEEQEEENDYINSYFEDGDDFGADSDDNMDEATY,223,67.31,AF-O15318-F1,GDM,AlphaFold Monomer v2.0 pipeline,6,0.233,0.229,0.439,0.099
A0JP26,MVAEVCSMPAASAVKKPFDLRSKMGKWCHHRFPCCRGSGKSNMGTSGDHDDSFMKTLRSKMGKCCHHCFPCCRGSGTSNVGTSGDHDNSFMKTLRSKMGKWCCHCFPCCRGSGKSNVGTWGDYDDSAFMEPRYHVRREDLDKLHRAAWWGKVPRKDLIVMLRDTDMNKRDKQKRTALHLASANGNSEVVQLLLDRRCQLNVLDNKKRTALIKAVQCQEDECVLMLLEHGADGNIQDEYGNTALHYAIYNEDKLMAKALLLYGADIESKNKCGLTPLLLGVHEQKQQVVKFLIKKKANLNALDRYGRTALILAVCCGSASIVNLLLEQNVDVSSQDLSGQTAREYAVSSHHHVICELLSDYKEKQMLKISSENSNPEQDLKLTSEEESQRLKVSENSQPEKMSQEPEINKDCDREVEEEIKKHGSNPVGLPENLTNGASAGNGDDGLIPQRKSRKPENQQFPDTENEEYHSDEQNDTQKQLSEEQNTGISQDEILTNKQKQIEVAEKEMNSKLSLSHKKEEDLLRENSMLREEIAMLRLELDETKHQNQLRENKILEEIESVKEKLLKAIQLNEEALTKTSI,581,67.81,AF-A0JP26-F1,GDM,AlphaFold Monomer v2.0 pipeline,6,0.365,0.064,0.189,0.382
O14925,MEGGGGSGNKTTGGLAGFFGAGGAGYSHADLAGVPLTGMNPLSPYLNVDPRYLVQDTDEFILPTGANKTRGRFELAFFTIGGCCMTGAAFGAMNGLRLGLKETQNMAWSKPRNVQILNMVTRQGALWANTLGSLALLYSAFGVIIEKTRGAEDDLNTVAAGTMTGMLYKCTGGLRGIARGGLTGLTLTSLYALYNNWEHMKGSLLQQSL,209,59.22,AF-O14925-F1,GDM,AlphaFold Monomer v2.0 pipeline,6,0.292,0.464,0.244,0.0
O00268,MAAGSDLLDEVFFNSEVDEKVVSDLVGSLESQLAASAAHHHHLAPRTPEVRAAAAGALGNHVVSGSPAGAAGAGPAAPAEGAPGAAPEPPPAGRARPGGGGPQRPGPPSPRRPLVPAGPAPPAAKLRPPPEGSAGSCAPVPAAAAVAAGPEPAPAGPAKPAGPAALAARAGPGPGPGPGPGPGPGPGKPAGPGAAQTLNGSAALLNSHHAAAPAVSLVNNGPAALLPLPKPAAPGTVIQTPPFVGAAAPPAPAAPSPPAAPAPAAPAAAPPPPPPAPATLARPPGHPAGPPTAAPAVPPPAAAQNGGSAGAAPAPAPAAGGPAGVSGQPGPGAAAAAPAPGVKAESPKRVVQAAPPAAQTLAASGPASTAASMVIGPTMQGALPSPAAVPPPAPGTPTGLPKGAAGAVTQSLSRTPTATTSGIRATLTPTVLAPRLPQPPQNPTNIQNFQLPPGMVLVRSENGQLLMIPQQALAQMQAQAHAQPQTTMAPRPATPTSAPPVQISTVQAPGTPIIARQVTPTTIIKQVSQAQTTVQPSATLQRSPGVQPQLVLGGAAQTASLGTATAVQTGTPQRTVPGATTTSSAATETMENVKKCKNFLSTLIKLASSGKQSTETAANVKELVQNLLDGKIEAEDFTSRLYRELNSSPQPYLVPFLKRSLPALRQLTPDSAAFIQQSQQQPPPPTSQATTALTAVVLSSSVQRTAGKTAATVTSALQPPVLSLTQPTQVGVGKQGQPTPLVIQQPPKPGALIRPPQVTLTQTPMVALRQPHNRIMLTTPQQIQLNPLQPVPVVKPAVLPGTKALSAVSAQAAAAQKNKLKEPGGGSFRDDDDINDVASMAGVNLSEESARILATNSELVGTLTRSCKDETFLLQAPLQRRILEIGKKHGITELHPDVVSYVSHATQQRLQNLVEKISETAQQKNFSYKDDDRYEQASDVRAQLKFFEQLDQIEKQRKDEQEREILMRAAKSRSRQEDPEQLRLKQKAKEMQQQELAQMRQRDANLTALAAIGPRKKRKVDCPGPGSGAEGSGPGSVVPGSSGVGTPRQFTRQRITRVNLRDLIFCLENERETSHSLLLYKAFLK,1085,52.78,AF-O00268-F1,GDM,AlphaFold Monomer v2.0 pipeline,6,0.631,0.08,0.15,0.138
O15263,MRVLYLLFSFLFIFLMPLPGVFGGIGDPVTCLKSGAICHPVFCPRRYKQIGTCGLPGTKCCKKP,64,78.0,AF-O15263-F1,GDM,AlphaFold Monomer v2.0 pipeline,6,0.0,0.203,0.797,0.0
O43603,MNVSGCPGAGNASQAGGGGGWHPEAVIVPLLFALIFLVGTVGNTLVLAVLLRGGQAVSTTNLFILNLGVADLCFILCCVPFQATIYTLDGWVFGSLLCKAVHFLIFLTMHASSFTLAAVSLDRYLAIRYPLHSRELRTPRNALAAIGLIWGLSLLFSGPYLSYYRQSQLANLTVCHPAWSAPRRRAMDICTFVFSYLLPVLVLGLTYARTLRYLWRAVDPVAAGSGARRAKRKVTRMILIVAALFCLCWMPHHALILCVWFGQFPLTRATYALRILSHLVSYANSCVNPIVYALVSKHFRKGFRTICAGLLGRAPGRASGRVCAAARGTHSGSVLERESSDLLHMSEAAGALRPCPGASQPCILEPCPGPSWQGPKAGDSILTVDVA,387,77.94,AF-O43603-F1,GDM,AlphaFold Monomer v2.0 pipeline,6,0.238,0.049,0.173,0.54
O43593,MESTPSFLKGTPTWEKTAPENGIVRQEPGSPPRDGLHHGPLCLGEPAPFWRGVLSTPDSWLPPGFPQGPKDMLPLVEGEGPQNGERKVNWLGSKEGLRWKEAMLTHPLAFCGPACPPRCGPLMPEHSGGHLKSDPVAFRPWHCPFLLETKILERAPFWVPTCLPPYLVSGLPPEHPCDWPLTPHPWVYSGGQPKVPSAFSLGSKGFYYKDPSIPRLAKEPLAAAEPGLFGLNSGGHLQRAGEAERPSLHQRDGEMGAGRQQNPCPLFLGQPDTVPWTSWPACPPGLVHTLGNVWAGPGDGNLGYQLGPPATPRCPSPEPPVTQRGCCSSYPPTKGGGLGPCGKCQEGLEGGASGASEPSEEVNKASGPRACPPSHHTKLKKTWLTRHSEQFECPRGCPEVEERPVARLRALKRAGSPEVQGAMGSPAPKRPPDPFPGTAEQGAGGWQEVRDTSIGNKDVDSGQHDEQKGPQDGQASLQDPGLQDIPCLALPAKLAQCQSCAQAAGEGGGHACHSQQVRRSPLGGELQQEEDTATNSSSEEGPGSGPDSRLSTGLAKHLLSGLGDRLCRLLRREREALAWAQREGQGPAVTEDSPGIPRCCSRCHHGLFNTHWRCPRCSHRLCVACGRVAGTGRAREKAGFQEQSAEECTQEAGHAACSLMLTQFVSSQALAELSTAMHQVWVKFDIRGHCPCQADARVWAPGDAGQQKESTQKTPPTPQPSCNGDTHRTKSIKEETPDSAETPAEDRAGRGPLPCPSLCELLASTAVKLCLGHERIHMAFAPVTPALPSDDRITNILDSIIAQVVERKIQEKALGPGLRAGPGLRKGLGLPLSPVRPRLPPPGALLWLQEPQPCPRRGFHLFQEHWRQGQPVLVSGIQRTLQGNLWGTEALGALGGQVQALSPLGPPQPSSLGSTTFWEGFSWPELRPKSDEGSVLLLHRALGDEDTSRVENLAASLPLPEYCALHGKLNLASYLPPGLALRPLEPQLWAAYGVSPHRGHLGTKNLCVEVADLVSILVHADTPLPAWHRAQKDFLSGLDGEGLWSPGSQVSTVWHVFRAQDAQRIRRFLQMVCPAGAGALEPGAPGSCYLDAGLRRRLREEWGVSCWTLLQAPGEAVLVPAGAPHQVQGLVSTVSVTQHFLSPETSALSAQLCHQGPSLPPDCHLLYAQMDWAVFQAVKVAVGTLQEAK,1189,55.16,AF-O43593-F1,GDM,AlphaFold Monomer v2.0 pipeline,6,0.554,0.093,0.174,0.179
O43763,MEPGMLGPHNLPHHEPISFGIDQILSGPETPGGGLGLGRGGQGHGENGAFSGGYHGASGYGPAGSLAPLPGSSGVGPGGVIRVPAHRPLPVPPPAGGAPAVPGPSGLGGAGGLAGLTFPWMDSGRRFAKDRLTAALSPFSGTRRIGHPYQNRTPPKRKKPRTSFSRSQVLELERRFLRQKYLASAERAALAKALRMTDAQVKTWFQNRRTKWRRQTAEEREAERHRAGRLLLHLQQDALPRPLRPPLPPDPLCLHNSSLFALQNLQPWAEDNKVASVSGLASVV,284,66.56,AF-O43763-F1,GDM,AlphaFold Monomer v2.0 pipeline,6,0.282,0.331,0.141,0.246
O00168,MASLGHILVFCVGLLTMAKAESPKEHDPFTYDYQSLQIGGLVIAGILFILGILIVLSRRCRCKFNQQQRTGEPDEEEGTFRSSIRRLSTRRR,92,71.5,AF-O00168-F1,GDM,AlphaFold Monomer v2.0 pipeline,6,0.065,0.413,0.457,0.065
O14497,MAAQVAPAAASSLGNPPPPPPSELKKAEQQQREEAGGEAAAAAAAERGEMKAAAGQESEGPAVGPPQPLGKELQDGAESNGGGGGGGAGSGGGPGAEPDLKNSNGNAGPRPALNNNLTEPPGGGGGGSSDGVGAPPHSAAAALPPPAYGFGQPYGRSPSAVAAAAAAVFHQQHGGQQSPGLAALQSGGGGGLEPYAGPQQNSHDHGFPNHQYNSYYPNRSAYPPPAPAYALSSPRGGTPGSGAAAAAGSKPPPSSSASASSSSSSFAQQRFGAMGGGGPSAAGGGTPQPTATPTLNQLLTSPSSARGYQGYPGGDYSGGPQDGGAGKGPADMASQCWGAAAAAAAAAAASGGAQQRSHHAPMSPGSSGGGGQPLARTPQPSSPMDQMGKMRPQPYGGTNPYSQQQGPPSGPQQGHGYPGQPYGSQTPQRYPMTMQGRAQSAMGGLSYTQQIPPYGQQGPSGYGQQGQTPYYNQQSPHPQQQQPPYSQQPPSQTPHAQPSYQQQPQSQPPQLQSSQPPYSQQPSQPPHQQSPAPYPSQQSTTQQHPQSQPPYSQPQAQSPYQQQQPQQPAPSTLSQQAAYPQPQSQQSQQTAYSQQRFPPPQELSQDSFGSQASSAPSMTSSKGGQEDMNLSLQSRPSSLPDLSGSIDDLPMGTEGALSPGVSTSGISSSQGEQSNPAQSPFSPHTSPHLPGIRGPSPSPVGSPASVAQSRSGPLSPAAVPGNQMPPRPPSGQSDSIMHPSMNQSSIAQDRGYMQRNPQMPQYSSPQPGSALSPRQPSGGQIHTGMGSYQQNSMGSYGPQGGQYGPQGGYPRQPNYNALPNANYPSAGMAGGINPMGAGGQMHGQPGIPPYGTLPPGRMSHASMGNRPYGPNMANMPPQVGSGMCPPPGGMNRKTQETAVAMHVAANSIQNRPPGYPNMNQGGMMGTGPPYGQGINSMAGMINPQGPPYSMGGTMANNSAGMAASPEMMGLGDVKLTPATKMNNKADGTPKTESKSKKSSSSTTTNEKITKLYELGGEPERKMWVDRYLAFTEEKAMGMTNLPAVGRKPLDLYRLYVSVKEIGGLTQVNKNKKWRELATNLNVGTSSSAASSLKKQYIQCLYAFECKIERGEDPPPDIFAAADSKKSQPKIQPPSPAGSGSMQGPQTPQSTSSSMAEGGDLKPPTPASTPHSQIPPLPGMSRSNSVGIQDAFNDGSDSTFQKRNSMTPNPGYQPSMNTSDMMGRMSYEPNKDPYGSMRKAPGSDPFMSSGQGPNGGMGDPYSRAAGPGLGNVAMGPRQHYPYGGPYDRVRTEPGIGPEGNMSTGAPQPNLMPSNPDSGMYSPSRYPPQQQQQQQQRHDSYGNQFSTQGTPSGSPFPSQQTTMYQQQQQNYKRPMDGTYGPPAKRHEGEMYSVPYSTGQGQPQQQQLPPAQPQPASQQQAAQPSPQQDVYNQYGNAYPATATAATERRPAGGPQNQFPFQFGRDRVSAPPGTNAQQNMPPQMMGGPIQASAEVAQQGTMWQGRNDMTYNYANRQSTGSAPQGPAYHGVNRTDEMLHTDQRANHEGSWPSHGTRQPPYGPSAPVPPMTRPPPSNYQPPPSMQNHIPQVSSPAPLPRPMENRTSPSKSPFLHSGMKMQKAGPPVPASHIAPAPVQPPMIRRDITFPPGSVEATQPVLKQRRRLTMKDIGTPEAWRVMMSLKSGLLAESTWALDTINILLYDDNSIMTFNLSQLPGLLELLVEYFRRCLIEIFGILKEYEVGDPGQRTLLDPGRFSKVSSPAPMEGGEEEEELLGPKLEEEEEEEVVENDEEIAFSGKDKPASENSEEKLISKFDKLPVKIVQKNDPFVVDCSDKLGRVQEFDSGLLHWRIGGGDTTEHIQTHFESKTELLPSRPHAPCPPAPRKHVTTAEGTPGTTDQEGPPPDGPPEKRITATMDDMLSTRSSTLTEDGAKSSEAIKESSKFPFGISPAQSHRNIKILEDEPHSKDETPLCTLLDWQDSLAKRCVCVSNTIRSLSFVPGNDFEMSKHPGLLLILGKLILLHHKHPERKQAPLTYEKEEEQDQGVSCNKVEWWWDCLEMLRENTLVTLANISGQLDLSPYPESICLPVLDGLLHWAVCPSAEAQDPFSTLGPNAVLSPQRLVLETLSKLSIQDNNVDLILATPPFSRLEKLYSTMVRFLSDRKNPVCREMAVVLLANLAQGDSLAARAIAVQKGSIGNLLGFLEDSLAATQFQQSQASLLHMQNPPFEPTSVDMMRRAARALLALAKVDENHSEFTLYESRLLDISVSPLMNSLVSQVICDVLFLIGQS,2285,46.91,AF-O14497-F1,GDM,AlphaFold Monomer v2.0 pipeline,6,0.739,0.021,0.081,0.159
A9UHW6,MGEPSREEYKIQSFDAETQQLLKTALKDPGAVDLEKVANVIVDHSLQDCVFSKEAGRMCYAIIQAESKQAGQSVFRRGLLNRLQQEYQAREQLRARSLQGWVCYVTFICNIFDYLRVNNMPMMALVNPVYDCLFRLAQPDSLSKEEEVDCLVLQLHRVGEQLEKMNGQRMDELFVLIRDGFLLPTGLSSLAQLLLLEIIEFRAAGWKTTPAAHKYYYSEVSD,222,91.75,AF-A9UHW6-F1,GDM,AlphaFold Monomer v2.0 pipeline,6,0.036,0.036,0.099,0.829
A1L190,MDDADPEERNYDNMLKMLSDLNKDLEKLLEEMEKISVQATWMAYDMVVMRTNPTLAESMRRLEDAFVNCKEEMEKNWQELLHETKQRL,88,93.56,AF-A1L190-F1,GDM,AlphaFold Monomer v2.0 pipeline,6,0.011,0.034,0.102,0.852
O14957,MVTRFLGPRYRELVKNWVPTAYTWGAVGAVGLVWATDWRLILDWVPYINGKFKKDN,56,88.44,AF-O14957-F1,GDM,AlphaFold Monomer v2.0 pipeline,6,0.0,0.107,0.357,0.536
O14640,MAETKIIYHMDEEETPYLVKLPVAPERVTLADFKNVLSNRPVHAYKFFFKSMDQDFGVVKEEIFDDNAKLPCFNGRVVSWLVLAEGAHSDAGSQGTDSHTDLPPPLERTGGIGDSRPPSFHPNVASSRDGMDNETGTESMVSHRRERARRRNREEAARTNGHPRGDRRRDVGLPPDSASTALSSELESSSFVDSDEDGSTSRLSSSTEQSTSSRLIRKHKRRRRKQRLRQADRASSFSSITDSTMSLNIVTVTLNMERHHFLGISIVGQSNDRGDGGIYIGSIMKGGAVAADGRIEPGDMLLQVNDVNFENMSNDDAVRVLREIVSQTGPISLTVAKCWDPTPRSYFTVPRADPVRPIDPAAWLSHTAALTGALPRYGTSPCSSAVTRTSSSSLTSSVPGAPQLEEAPLTVKSDMSAVVRVMQLPDSGLEIRDRMWLKITIANAVIGADVVDWLYTHVEGFKERREARKYASSLLKHGFLRHTVNKITFSEQCYYVFGDLCSNLATLNLNSGSSGTSDQDTLAPLPHPAAPWPLGQGYPYQYPGPPPCFPPAYQDPGFSYGSGSTGSQQSEGSKSSGSTRSSRRAPGREKERRAAGAGGSGSESDHTAPSGVGSSWRERPAGQLSRGSSPRSQASATAPGLPPPHPTTKAYTVVGGPPGGPPVRELAAVPPELTGSRQSFQKAMGNPCEFFVDIM,695,59.84,AF-O14640-F1,GDM,AlphaFold Monomer v2.0 pipeline,6,0.555,0.065,0.203,0.177
O14519,MSYKPNLAAHMPAAALNAAGSVHSPSTSMATSSQYRQLLSDYGPPSLGYTQGTGNSQVPQSKYAELLAIIEELGKEIRPTYAGSKSAMERLKRGIIHARGLVRECLAETERNARS,115,75.25,AF-O14519-F1,GDM,AlphaFold Monomer v2.0 pipeline,6,0.148,0.348,0.043,0.461
O43566,MPGKPKHLGVPNGRMVLAVSDGELSSTTGPQGQGEGRGSSLSIHSLPSGPSSPFPTEEQPVASWALSFERLLQDPLGLAYFTEFLKKEFSAENVTFWKACERFQQIPASDTQQLAQEARNIYQEFLSSQALSPVNIDRQAWLGEEVLAEPRPDMFRAQQLQIFNLMKFDSYARFVKSPLYRECLLAEAEGRPLREPGSSRLGSPDATRKKPKLKPGKSLPLGVEELGQLPPVEGPGGRPLRKSFRRELGGTANAALRRESQGSLNSSASLDLGFLAFVSSKSESHRKSLGSTEGESESRPGKYCCVYLPDGTASLALARPGLTIRDMLAGICEKRGLSLPDIKVYLVGNEQALVLDQDCTVLADQEVRLENRITFELELTALERVVRISAKPTKRLQEALQPILEKHGLSPLEVVLHRPGEKQPLDLGKLVSSVAAQRLVLDTLPGVKISKARDKSPCRSQGCPPRTQDKATHPPPASPSSLVKVPSSATGKRQTCDIEGLVELLNRVQSSGAHDQRGLLRKEDLVLPEFLQLPAQGPSSEETPPQTKSAAQPIGGSLNSTTDSAL,566,67.19,AF-O43566-F1,GDM,AlphaFold Monomer v2.0 pipeline,6,0.396,0.072,0.24,0.292
O43609,MDPQNQHGSGSSLVVIQQPSLDSRQRLDYEREIQPTAILSLDQIKAIRGSNEYTEGPSVVKRPAPRTAPRQEKHERTHEIIPINVNNNYEHRHTSHLGHAVLPSNARGPILSRSTSTGSAASSGSNSSASSEQGLLGRSPPTRPVPGHRSERAIRTQPKQLIVDDLKGSLKEDLTQHKFICEQCGKCKCGECTAPRTLPSCLACNRQCLCSAESMVEYGTCMCLVKGIFYHCSNDDEGDSYSDNPCSCSQSHCCSRYLCMGAMSLFLPCLLCYPPAKGCLKLCRRCYDWIHRPGCRCKNSNTVYCKLESCPSRGQGKPS,319,62.09,AF-O43609-F1,GDM,AlphaFold Monomer v2.0 pipeline,6,0.464,0.132,0.266,0.138
O14628,MTLLTFRDVAIEFSLEEWKCLDLAQQNLYRDVMLENYRNLFSVGLTVCKPGLITCLEQRKEPWNVKRQEAADGHPEMGFHHATQACLELLGSSDLPASASQSAGITGVNHRAQPGLNVSVDKFTALCSPGVLQTVKWFLEFRCIFSLAMSSHFTQDLLPEQGIQDAFPKRILRGYGNCGLDNLYLRKDWESLDECKLQKDYNGLNQCSSTTHSKIFQYNKYVKIFDNFSNLHRRNISNTGEKPFKCQECGKSFQMLSFLTEHQKIHTGKKFQKCGECGKTFIQCSHFTEPENIDTGEKPYKCQECNNVIKTCSVLTKNRIYAGGEHYRCEEFGKVFNQCSHLTEHEHGTEEKPCKYEECSSVFISCSSLSNQQMILAGEKLSKCETWYKGFNHSPNPSKHQRNEIGGKPFKCEECDSIFKWFSDLTKHKRIHTGEKPYKCDECGKAYTQSSHLSEHRRIHTGEKPYQCEECGKVFRTCSSLSNHKRTHSEEKPYTCEECGNIFKQLSDLTKHKKTHTGEKPYKCDECGKNFTQSSNLIVHKRIHTGEKPYKCEECGRVFMWFSDITKHKKTHTGEKPYKCDECGKNFTQSSNLIVHKRIHTGEKPYKCEKCGKAFTQFSHLTVHESIHT,629,54.59,AF-O14628-F1,GDM,AlphaFold Monomer v2.0 pipeline,6,0.504,0.079,0.324,0.092
A1L3X0,MAFSDLTSRTVHLYDNWIKDADPRVEDWLLMSSPLPQTILLGFYVYFVTSLGPKLMENRKPFELKKAMITYNFFIVLFSVYMCYEFVMSGWGIGYSFRCDIVDYSRSPTALRMARTCWLYYFSKFIELLDTIFFVLRKKNSQVTFLHVFHHTIMPWTWWFGVKFAAGGLGTFHALLNTAVHVVMYSYYGLSALGPAYQKYLWWKKYLTSLQLVQFVIVAIHISQFFFMEDCKYQFPVFACIIMSYSFMFLLLFLHFWYRAYTKGQRLPKTVKNGTCKNKDN,281,89.75,AF-A1L3X0-F1,GDM,AlphaFold Monomer v2.0 pipeline,6,0.043,0.018,0.206,0.733
A2RUC4,MAGQHLPVPRLEGVSREQFMQHLYPQRKPLVLEGIDLGPCTSKWTVDYLSQVGGKKEVKIHVAAVAQMDFISKNFVYRTLPFDQLVQRAAEEKHKEFFVSEDEKYYLRSLGEDPRKDVADIRKQFPLLKGDIKFPEFFKEEQFFSSVFRISSPGLQLWTHYDVMDNLLIQVTGKKRVVLFSPRDAQYLYLKGTKSEVLNIDNPDLAKYPLFSKARRYECSLEAGDVLFIPALWFHNVISEEFGVGVNIFWKHLPSECYDKTDTYGNKDPTAASRAAQILDRALKTLAELPEEYRDFYARRMVLHIQDKAYSKNSE,315,95.75,AF-A2RUC4-F1,GDM,AlphaFold Monomer v2.0 pipeline,6,0.003,0.016,0.016,0.965
O00337,MENDPSRRRESISLTPVAKGLENMGADFLESLEEGQLPRSDLSPAEIRSSWSEAAPKPFSRWRNLQPALRARSFCREHMQLFRWIGTGLLCTGLSAFLLVACLLDFQRALALFVLTCVVLTFLGHRLLKRLLGPKLRRFLKPQGHPRLLLWFKRGLALAAFLGLVLWLSLDTSQRPEQLVSFAGICVFVALLFACSKHHCAVSWRAVSWGLGLQFVLGLLVIRTEPGFIAFEWLGEQIRIFLSYTKAGSSFVFGEALVKDVFAFQVLPIIVFFSCVISVLYHVGLMQWVILKIAWLMQVTMGTTATETLSVAGNIFVSQTEAPLLIRPYLADMTLSEVHVVMTGGYATIAGSLLGAYISFGIDATSLIAASVMAAPCALALSKLVYPEVEESKFRREEGVKLTYGDAQNLIEAASTGAAISVKVVANIAANLIAFLAVLDFINAALSWLGDMVDIQGLSFQLICSYILRPVAFLMGVAWEDCPVVAELLGIKLFLNEFVAYQDLSKYKQRRLAGAEEWVGDRKQWISVRAEVLTTFALCGFANFSSIGIMLGGLTSMVPQRKSDFSQIVLRALFTGACVSLVNACMAGILYMPRGAEVDCMSLLNTTLSSSSFEIYQCCREAFQSVNPEFSPEALDNCCRFYNHTICAQ,649,82.25,AF-O00337-F1,GDM,AlphaFold Monomer v2.0 pipeline,6,0.108,0.057,0.331,0.504
O43526,MVQKSRNGGVYPGPSGEKKLKVGFVGLDPGAPDSTRDGALLIAGSEAPKRGSILSKPRAGGAGAGKPPKRNAFYRKLQNFLYNVLERPRGWAFIYHAYVFLLVFSCLVLSVFSTIKEYEKSSEGALYILEIVTIVVFGVEYFVRIWAAGCCCRYRGWRGRLKFARKPFCVIDIMVLIASIAVLAAGSQGNVFATSALRSLRFLQILRMIRMDRRGGTWKLLGSVVYAHSKELVTAWYIGFLCLILASFLVYLAEKGENDHFDTYADALWWGLITLTTIGYGDKYPQTWNGRLLAATFTLIGVSFFALPAGILGSGFALKVQEQHRQKHFEKRRNPAAGLIQSAWRFYATNLSRTDLHSTWQYYERTVTVPMYSSQTQTYGASRLIPPLNQLELLRNLKSKSGLAFRKDPPPEPSPSKGSPCRGPLCGCCPGRSSQKVSLKDRVFSSPRGVAAKGKGSPQAQTVRRSPSADQSLEDSPSKVPKSWSFGDRSRARQAFRIKGAASRQNSEEASLPGEDIVDDKSCPCEFVTEDLTPGLKVSIRAVCVMRFLVSKRKFKESLRPYDVMDVIEQYSAGHLDMLSRIKSLQSRVDQIVGRGPAITDKDRTKGPAEAELPEDPSMMGRLGKVEKQVLSMEKKLDFLVNIYMQRMGIPPTETEAYFGAKEPEPAPPYHSPEDSREHVDRHGCIVKIVRSSSSTGQKNFSAPPAAPPVQCPPSTSWQPQSHPRQGHGTSPVGDHGSLVRIPPPPAHERSLSAYGGGNRASMEFLRQEDTPGCRPPEGNLRDSDTSISIPSVDHEELERSFSGFSISQSKENLDALNSCYAAVAPCAKVRPYIAEGESDTDSDLCTPCGPPPRSATGEGPFGDVGWAGPRK,872,58.19,AF-O43526-F1,GDM,AlphaFold Monomer v2.0 pipeline,6,0.534,0.064,0.189,0.212
O15259,MLARRQRDPLQALRRRNQELKQQVDSLLSESQLKEALEPNKRQHIYQRCIQLKQAIDENKNALQKLSKADESAPVANYNQRKEEEHTLLDKLTQQLQGLAVTISRENITEVGAPTEEEEESESEDSEDSGGEEEDAEEEEEEKEENESHKWSTGEEYIAVGDFTAQQVGDLTFKKGEILLVIEKKPDGWWIAKDAKGNEGLVPRTYLEPYSEEEEGQESSEEGSEEDVEAVDETADGAEVKQRTDPHWSAVQKAISEAGIFCLVNHVSFCYLIVLMRNRMETVEDTNGSETGFRAWNVQSRGRIFLVSKPVLQINTVDVLTTMGAIPAGFRPSTLSQLLEEGNQFRANYFLQPELMPSQLAFRDLMWDATEGTIRSRPSRISLILTLWSCKMIPLPGMSIQVLSRHVRLCLFDGNKVLSNIHTVRATWQPKKPKTWTFSPQVTRILPCLLDGDCFIRSNSASPDLGILFELGISYIRNSTGERGELSCGWVFLKLFDASGVPIPAKTYELFLNGGTPYEKGIEVDPSISRRAHGSVFYQIMTMRRQPQLLVKLRSLNRRSRNVLSLLPETLIGNMCSIHLLIFYRQILGDVLLKDRMSLQSTDLISHPMLATFPMLLEQPDVMDALRSSWAGKESTLKRSEKRDKEFLKSTFLLVYHDCVLPLLHSTRLPPFRWAEEETETARWKVITDFLKQNQENQGALQALLSPDGVHEPFDLSEQTYDFLGEMRKNAV,732,75.88,AF-O15259-F1,GDM,AlphaFold Monomer v2.0 pipeline,6,0.208,0.071,0.279,0.443
A5D8V7,MTSPLCRAASANALPPQDQASTPSSRVKGREASGKPSHLRGKGTAQAWTPGRSKGGSFHRGAGKPSVHSQVAELHKKIQLLEGDRKAFFESSQWNIKKNQETISQLRKETKALELKLLDLLKGDEKVVQAVIREWKWEKPYLKNRTGQALEHLDHRLREKVKQQNALRHQVVLRQRRLEELQLQHSLRLLEMAEAQNRHTEVAKTMRNLENRLEKAQMKAQEAEHITSVYLQLKAYLMDESLNLENRLDSMEAEVVRTKHELEALHVVNQEALNARDIAKNQLQYLEETLVRERKKRERYISECKKRAEEKKLENERMERKTHREHLLLQSDDTIQDSLHAKEEELRQRWSMYQMEVIFGKVKDATGTDETHSLVRRFLAQGDTFAQLETLKSENEQTLVRLKQEKQQLQRELEDLKYSGEATLVSQQKLQAEAQERLKKEERRHAEAKDQLERALRAMQVAKDSLEHLASKLIHITVEDGRFAGKELDPQADNYVPNLLGLVEEKLLKLQAQLQGHDVQEMLCHIANREFLASLEGRLPEYNTRIALPLATSKDKFFDEESEEEDNEVVTRASLKIRSQKLIESHKKHRRSRRS,595,77.31,AF-A5D8V7-F1,GDM,AlphaFold Monomer v2.0 pipeline,6,0.166,0.134,0.297,0.402
O00591,MNYSLHLAFVCLSLFTERMCIQGSQFNVEVGRSDKLSLPGFENLTAGYNKFLRPNFGGEPVQIALTLDIASISSISESNMDYTATIYLRQRWMDQRLVFEGNKSFTLDARLVEFLWVPDTYIVESKKSFLHEVTVGNRLIRLFSNGTVLYALRITTTVACNMDLSKYPMDTQTCKLQLESWGYDGNDVEFTWLRGNDSVRGLEHLRLAQYTIERYFTLVTRSQQETGNYTRLVLQFELRRNVLYFILETYVPSTFLVVLSWVSFWISLDSVPARTCIGVTTVLSMTTLMIGSRTSLPNTNCFIKAIDVYLGICFSFVFGALLEYAVAHYSSLQQMAAKDRGTTKEVEEVSITNIINSSISSFKRKISFASIEISSDNVDYSDLTMKTSDKFKFVFREKMGRIVDYFTIQNPSNVDHYSKLLFPLIFMLANVFYWAYYMYF,440,79.12,AF-O00591-F1,GDM,AlphaFold Monomer v2.0 pipeline,6,0.168,0.105,0.211,0.516
O43556,MQLPRWWELGDPCAWTGQGRGTRRMSPATTGTFLLTVYSIFSKVHSDRNVYPSAGVLFVHVLEREYFKGEFPPYPKPGEISNDPITFNTNLMGYPDRPGWLRYIQRTPYSDGVLYGSPTAENVGKPTIIEITAYNRRTFETARHNLIINIMSAEDFPLPYQAEFFIKNMNVEEMLASEVLGDFLGAVKNVWQPERLNAINITSALDRGGRVPLPINDLKEGVYVMVGADVPFSSCLREVENPQNQLRCSQEMEPVITCDKKFRTQFYIDWCKISLVDKTKQVSTYQEVIRGEGILPDGGEYKPPSDSLKSRDYYTDFLITLAVPSAVALVLFLILAYIMCCRREGVEKRNMQTPDIQLVHHSAIQKSTKELRDMSKNREIAWPLSTLPVFHPVTGEIIPPLHTDNYDSTNMPLMQTQQNLPHQTQIPQQQTTGKWYP,437,74.25,AF-O43556-F1,GDM,AlphaFold Monomer v2.0 pipeline,6,0.217,0.149,0.192,0.442
O15265,MSERAADDVRGEPRRAAAAAGGAAAAAARQQQQQQQQQQPPPPQPQRQQHPPPPPRRTRPEDGGPGAASTSAAAMATVGERRPLPSPEVMLGQSWNLWVEASKLPGKDGTELDESFKEFGKNREVMGLCREDMPIFGFCPAHDDFYLVVCNDCNQVVKPQAFQSHYERRHSSSSKPPLAVPPTSVFSFFPSLSKSKGGSASGSNRSSSGGVLSASSSSSKLLKSPKEKLQLRGNTRPMHPIQQSRVPHGRIMTPSVKVEKIHPKMDGTLLKSAVGPTCPATVSSLVKPGLNCPSIPKPTLPSPGQILNGKGLPAPPTLEKKPEDNSNNRKFLNKRLSEREFDPDIHCGVIDLDTKKPCTRSLTCKTHSLTQRRAVQGRRKRFDVLLAEHKNKTREKELIRHPDSQQPPQPLRDPHPAPPRTSQEPHQNPHGVIPSESKPFVASKPKPHTPSLPRPPGCPAQQGGSAPIDPPPVHESPHPPLPATEPASRLSSEEGEGDDKEESVEKLDCHYSGHHPQPASFCTFGSRQIGRGYYVFDSRWNRLRCALNLMVEKHLNAQLWKKIPPVPSTTSPISTRIPHRTNSVPTSQCGVSYLAAATVSTSPVLLSSTCISPNSKSVPAHGTTLNAQPAASGAMDPVCSMQSRQVSSSSSSPSTPSGLSSVPSSPMSRKPQKLKSSKSLRPKESSGNSTNCQNASSSTSGGSGKKRKNSSPLLVHSSSSSSSSSSSSHSMESFRKNCVAHSGPPYPSTVTSSHSIGLNCVTNKANAVNVRHDQSGRGPPTGSPAESIKRMSVMVNSSDSTLSLGPFIHQSNELPVNSHGSFSHSHTPLDKLIGKKRKCSPSSSSINNSSSKPTKVAKVPAVNNVHMKHTGTIPGAQGLMNSSLLHQPKARP,892,51.0,AF-O15265-F1,GDM,AlphaFold Monomer v2.0 pipeline,6,0.701,0.122,0.118,0.059
O43464,MAAPRAGRGAGWSLRAWRALGGIRWGRRPRLTPDLRALLTSGTSDPRARVTYGTPSLWARLSVGVTEPRACLTSGTPGPRAQLTAVTPDTRTREASENSGTRSRAWLAVALGAGGAVLLLLWGGGRGPPAVLAAVPSPPPASPRSQYNFIADVVEKTAPAVVYIEILDRHPFLGREVPISNGSGFVVAADGLIVTNAHVVADRRRVRVRLLSGDTYEAVVTAVDPVADIATLRIQTKEPLPTLPLGRSADVRQGEFVVAMGSPFALQNTITSGIVSSAQRPARDLGLPQTNVEYIQTDAAIDFGNSGGPLVNLDGEVIGVNTMKVTAGISFAIPSDRLREFLHRGEKKNSSSGISGSQRRYIGVMMLTLSPSILAELQLREPSFPDVQHGVLIHKVILGSPAHRAGLRPGDVILAIGEQMVQNAEDVYEAVRTQSQLAVQIRRGRETLTLYVTPEVTE,458,74.44,AF-O43464-F1,GDM,AlphaFold Monomer v2.0 pipeline,6,0.297,0.068,0.12,0.515
O43719,MSGTNLDGNDEFDEQLRMQELYGDGKDGDTQTDAGGEPDSLGQQPTDTPYEWDLDKKAWFPKITEDFIATYQANYGFSNDGASSSTANVEDVHARTAEEPPQEKAPEPTDARKKGEKRKAESGWFHVEEDRNTNVYVSGLPPDITVDEFIQLMSKFGIIMRDPQTEEFKVKLYKDNQGNLKGDGLCCYLKRESVELALKLLDEDEIRGYKLHVEVAKFQLKGEYDASKKKKKCKDYKKKLSMQQKQLDWRPERRAGPSRMRHERVVIIKNMFHPMDFEDDPLVLNEIREDLRVECSKFGQIRKLLLFDRHPDGVASVSFRDPEEADYCIQTLDGRWFGGRQITAQAWDGTTDYQVEETSREREERLRGWEAFLNAPEANRGLRRSDSVSASERAGPSRARHFSEHPSTSKMNAQETATGMAFEEPIDEKKFEKTEDGGEFEEGASENNAKESSPEKEAEEGCPEKESEEGCPKRGFEGSCSQKESEEGNPVRGSEEDSPKKESKKKTLKNDCEENGLAKESEDDLNKESEEEVGPTKESEEDDSEKESDEDCSEKQSEDGSEREFEENGLEKDLDEEGSEKELHENVLDKELEENDSENSEFEDDGSEKVLDEEGSEREFDEDSDEKEEEEDTYEKVFDDESDEKEDEEYADEKGLEAADKKAEEGDADEKLFEESDDKEDEDADGKEVEDADEKLFEDDDSNEKLFDEEEDSSEKLFDDSDERGTLGGFGSVEEGPLSTGSSFILSSDDDDDDI,755,59.09,AF-O43719-F1,GDM,AlphaFold Monomer v2.0 pipeline,6,0.563,0.077,0.189,0.171
O00444,MATCIGEKIEDFKVGNLLGKGSFAGVYRAESIHTGLEVAIKMIDKKAMYKAGMVQRVQNEVKIHCQLKHPSILELYNYFEDSNYVYLVLEMCHNGEMNRYLKNRVKPFSENEARHFMHQIITGMLYLHSHGILHRDLTLSNLLLTRNMNIKIADFGLATQLKMPHEKHYTLCGTPNYISPEIATRSAHGLESDVWSLGCMFYTLLIGRPPFDTDTVKNTLNKVVLADYEMPSFLSIEAKDLIHQLLRRNPADRLSLSSVLDHPFMSRNSSTKSKDLGTVEDSIDSGHATISTAITASSSTSISGSLFDKRRLLIGQPLPNKMTVFPKNKSSTDFSSSGDGNSFYTQWGNQETSNSGRGRVIQDAEERPHSRYLRRAYSSDRSGTSNSQSQAKTYTMERCHSAEMLSVSKRSGGGENEERYSPTDNNANIFNFFKEKTSSSSGSFERPDNNQALSNHLCPGKTPFPFADPTPQTETVQQWFGNLQINAHLRKTTEYDSISPNRDFQGHPDLQKDTSKNAWTDTKVKKNSDASDNAHSVKQQNTMKYMTALHSKPEIIQQECVFGSDPLSEQSKTRGMEPPWGYQNRTLRSITSPLVAHRLKPIRQKTKKAVVSILDSEEVCVELVKEYASQEYVKEVLQISSDGNTITIYYPNGGRGFPLADRPPSPTDNISRYSFDNLPEKYWRKYQYASRFVQLVRSKSPKITYFTRYAKCILMENSPGADFEVWFYDGVKIHKTEDFIQVIEKTGKSYTLKSESEVNSLKEEIKMYMDHANEGHRICLALESIISEEERKTRSAPFFPIIIGRKPGSTSSPKALSPPPSVDSNYPTRERASFNRMVMHSAASPTQAPILNPSMVTNEGLGLTTTASGTDISSNSLKDCLPKSAQLLKSVFVKNVGWATQLTSGAVWVQFNDGSQLVVQAGVSSISYTSPNGQTTRYGENEKLPDYIKQKLQCLSSILLMFSNPTPNFH,970,65.62,AF-O00444-F1,GDM,AlphaFold Monomer v2.0 pipeline,6,0.404,0.037,0.201,0.358
O00291,MDRMASSMKQVPNPLPKVLSRRGVGAGLEAAERESFERTQTVSINKAINTQEVAVKEKHARTCILGTHHEKGAQTFWSVVNRLPLSSNAVLCWKFCHVFHKLLRDGHPNVLKDSLRYRNELSDMSRMWGHLSEGYGQLCSIYLKLLRTKMEYHTKNPRFPGNLQMSDRQLDEAGESDVNNFFQLTVEMFDYLECELNLFQTVFNSLDMSRSVSVTAAGQCRLAPLIQVILDCSHLYDYTVKLLFKLHSCLPADTLQGHRDRFMEQFTKLKDLFYRSSNLQYFKRLIQIPQLPENPPNFLRASALSEHISPVVVIPAEASSPDSEPVLEKDDLMDMDASQQNLFDNKFDDIFGSSFSSDPFNFNSQNGVNKDEKDHLIERLYREISGLKAQLENMKTESQRVVLQLKGHVSELEADLAEQQHLRQQAADDCEFLRAELDELRRQREDTEKAQRSLSEIERKAQANEQRYSKLKEKYSELVQNHADLLRKNAEVTKQVSMARQAQVDLEREKKELEDSLERISDQGQRKTQEQLEVLESLKQELATSQRELQVLQGSLETSAQSEANWAAEFAELEKERDSLVSGAAHREEELSALRKELQDTQLKLASTEESMCQLAKDQRKMLLVGSRKAAEQVIQDALNQLEEPPLISCAGSADHLLSTVTSISSCIEQLEKSWSQYLACPEDISGLLHSITLLAHLTSDAIAHGATTCLRAPPEPADSLTEACKQYGRETLAYLASLEEEGSLENADSTAMRNCLSKIKAIGEELLPRGLDIKQEELGDLVDKEMAATSAAIETATARIEEMLSKSRAGDTGVKLEVNERILGCCTSLMQAIQVLIVASKDLQREIVESGRGTASPKEFYAKNSRWTEGLISASKAVGWGATVMVDAADLVVQGRGKFEELMVCSHEIAASTAQLVAASKVKADKDSPNLAQLQQASRGVNQATAGVVASTISGKSQIEETDNMDFSSMTLTQIKRQEMDSQVRVLELENELQKERQKLGELRKKHYELAGVAEGWEEGTEASPPTLQEVVTEKE,1037,80.69,AF-O00291-F1,GDM,AlphaFold Monomer v2.0 pipeline,6,0.111,0.097,0.351,0.441
O14933,MMASMRVVKELEDLQKKPPPYLRNLSSDDANVLVWHALLLPDQPPYHLKAFNLRISFPPEYPFKPPMIKFTTKIYHPNVDENGQICLPIISSENWKPCTKTCQVLEALNVLVNRPNIREPLRMDLADLLTQNPELFRKNAEEFTLRFGVDRPS,153,95.12,AF-O14933-F1,GDM,AlphaFold Monomer v2.0 pipeline,6,0.0,0.007,0.046,0.948
O00214,MMLSLNNLQNIIYNPVIPFVGTIPDQLDPGTLIVIRGHVPSDADRFQVDLQNGSSMKPRADVAFHFNPRFKRAGCIVCNTLINEKWGREEITYDTPFKREKSFEIVIMVLKDKFQVAVNGKHTLLYGHRIGPEKIDTLGIYGKVNIHSIGFSFSSDLQSTQASSLELTEISRENVPKSGTPQLRLPFAARLNTPMGPGRTVVVKGEVNANAKSFNVDLLAGKSKDIALHLNPRLNIKAFVRNSFLQESWGEEERNITSFPFSPGMYFEMIIYCDVREFKVAVNGVHSLEYKHRFKELSSIDTLEINGDIHLLEVRSW,317,90.69,AF-O00214-F1,GDM,AlphaFold Monomer v2.0 pipeline,6,0.044,0.05,0.088,0.817
O43897,MGLGTLSPRMLVWLVASGIVFYGELWVCAGLDYDYTFDGNEEDKTETIDYKDPCKAAVFWGDIALDDEDLNIFQIDRTIDLTQNPFGNLGHTTGGLGDHAMSKKRGALYQLIDRIRRIGFGLEQNNTVKGKVPLQFSGQNEKNRVPRAATSRTERIWPGGVIPYVIGGNFTGSQRAMFKQAMRHWEKHTCVTFIERSDEESYIVFTYRPCGCCSYVGRRGNGPQAISIGKNCDKFGIVVHELGHVIGFWHEHTRPDRDNHVTIIRENIQPGQEYNFLKMEPGEVNSLGERYDFDSIMHYARNTFSRGMFLDTILPSRDDNGIRPAIGQRTRLSKGDIAQARKLYRCPACGETLQESNGNLSSPGFPNGYPSYTHCIWRVSVTPGEKIVLNFTTMDLYKSSLCWYDYIEVRDGYWRKSPLLGRFCGDKLPEVLTSTDSRMWIEFRSSSNWVGKGFAAVYEAICGGEIRKNEGQIQSPNYPDDYRPMKECVWKITVSESYHVGLTFQSFEIERHDNCAYDYLEVRDGTSENSPLIGRFCGYDKPEDIRSTSNTLWMKFVSDGTVNKAGFAANFFKEEDECAKPDRGGCEQRCLNTLGSYQCACEPGYELGPDRRSCEAACGGLLTKLNGTITTPGWPKEYPPNKNCVWQVVAPTQYRISVKFEFFELEGNEVCKYDYVEIWSGLSSESKLHGKFCGAEVPEVITSQFNNMRIEFKSDNTVSKKGFKAHFFSDKDECSKDNGGCQHECVNTMGSYMCQCRNGFVLHDNKHDCKEAECEQKIHSPSGLITSPNWPDKYPSRKECTWEISATPGHRIKLAFSEFEIEQHQECAYDHLEVFDGETEKSPILGRLCGNKIPDPLVATGNKMFVRFVSDASVQRKGFQATHSTECGGRLKAESKPRDLYSHAQFGDNNYPGQVDCEWLLVSERGSRLELSFQTFEVEEEADCGYDYVELFDGLDSTAVGLGRFCGSGPPEEIYSIGDSVLIHFHTDDTINKKGFHIRYKSIRYPDTTHTKK,1013,80.31,AF-O43897-F1,GDM,AlphaFold Monomer v2.0 pipeline,6,0.124,0.048,0.419,0.409
O00330,MAASWRLGCDPRLLRYLVGFPGRRSVGLVKGALGWSVSRGANWRWFHSTQWLRGDPIKILMPSLSPTMEEGNIVKWLKKEGEAVSAGDALCEIETDKAVVTLDASDDGILAKIVVEEGSKNIRLGSLIGLIVEEGEDWKHVEIPKDVGPPPPVSKPSEPRPSPEPQISIPVKKEHIPGTLRFRLSPAARNILEKHSLDASQGTATGPRGIFTKEDALKLVQLKQTGKITESRPTPAPTATPTAPSPLQATAGPSYPRPVIPPVSTPGQPNAVGTFTEIPASNIRRVIAKRLTESKSTVPHAYATADCDLGAVLKVRQDLVKDDIKVSVNDFIIKAAAVTLKQMPDVNVSWDGEGPKQLPFIDISVAVATDKGLLTPIIKDAAAKGIQEIADSVKALSKKARDGKLLPEEYQGGSFSISNLGMFGIDEFTAVINPPQACILAVGRFRPVLKLTEDEEGNAKLQQRQLITVTMSSDSRVVDDELATRFLKSFKANLENPIRLA,501,77.31,AF-O00330-F1,GDM,AlphaFold Monomer v2.0 pipeline,6,0.186,0.112,0.297,0.405
O00165,MSLFDLFRGFFGFPGPRSHRDPFFGGMTRDEDDDEEEEEEGGSWGRGNPRFHSPQHPPEEFGFGFSFSPGGGIRFHDNFGFDDLVRDFNSIFSDMGAWTLPSHPPELPGPESETPGERLREGQTLRDSMLKYPDSHQPRIFGGVLESDARSESPQPAPDWGSQRPFHRFDDVWPMDPHPRTREDNDLDSQVSQEGLGPVLQPQPKSYFKSISVTKITKPDGIVEERRTVVDSEGRTETTVTRHEADSSPRGDPESPRPPALDDAFSILDLFLGRWFRSR,279,59.81,AF-O00165-F1,GDM,AlphaFold Monomer v2.0 pipeline,6,0.373,0.337,0.186,0.104
O14618,MASDSGNQGTLCTLEFAVQMTCQSCVDAVRKSLQGVAGVQDVEVHLEDQMVLVHTTLPSQEVQALLEGTGRQAVLKGMGSGQLQNLGAAVAILGGPGTVQGVVRFLQLTPERCLIEGTIDGLEPGLHGLHVHQYGDLTNNCNSCGNHFNPDGASHGGPQDSDRHRGDLGNVRADADGRAIFRMEDEQLKVWDVIGRSLIIDEGEDDLGRGGHPLSKITGNSGERLACGIIARSAGLFQNPKQICSCDGLTIWEERGRPIAGKGRKESAQPPAHL,274,87.38,AF-O14618-F1,GDM,AlphaFold Monomer v2.0 pipeline,6,0.069,0.099,0.095,0.737
A6NCS4,MLLSPVTSTPFSVKDILRLERERSCPAASPHPRVRKSPENFQYLRMDAEPRGSEVHNAGGGGGDRKLDGSEPPGGPCEAVLEMDAERMGEPQPGLNAASPLGGGTRVPERGVGNSGDSVRGGRSEQPKARQRRKPRVLFSQAQVLALERRFKQQRYLSAPEREHLASALQLTSTQVKIWFQNRRYKCKRQRQDKSLELAGHPLTPRRVAVPVLVRDGKPCLGPGPGAPAFPSPYSAAVSPYSCYGGYSGAPYGAGYGTCYAGAPSGPAPHTPLASAGFGHGGQNATPQGHLAATLQGVRAW,301,62.44,AF-A6NCS4-F1,GDM,AlphaFold Monomer v2.0 pipeline,6,0.319,0.412,0.083,0.186
O00329,MPPGVDCPMEFWTKEENQSVVVDFLLPTGVYLNFPVSRNANLSTIKQLLWHRAQYEPLFHMLSGPEAYVFTCINQTAEQQELEDEQRRLCDVQPFLPVLRLVAREGDRVKKLINSQISLLIGKGLHEFDSLCDPEVNDFRAKMCQFCEEAAARRQQLGWEAWLQYSFPLQLEPSAQTWGPGTLRLPNRALLVNVKFEGSEESFTFQVSTKDVPLALMACALRKKATVFRQPLVEQPEDYTLQVNGRHEYLYGSYPLCQFQYICSCLHSGLTPHLTMVHSSSILAMRDEQSNPAPQVQKPRAKPPPIPAKKPSSVSLWSLEQPFRIELIQGSKVNADERMKLVVQAGLFHGNEMLCKTVSSSEVSVCSEPVWKQRLEFDINICDLPRMARLCFALYAVIEKAKKARSTKKKSKKADCPIAWANLMLFDYKDQLKTGERCLYMWPSVPDEKGELLNPTGTVRSNPNTDSAAALLICLPEVAPHPVYYPALEKILELGRHSECVHVTEEEQLQLREILERRGSGELYEHEKDLVWKLRHEVQEHFPEALARLLLVTKWNKHEDVAQMLYLLCSWPELPVLSALELLDFSFPDCHVGSFAIKSLRKLTDDELFQYLLQLVQVLKYESYLDCELTKFLLDRALANRKIGHFLFWHLRSEMHVPSVALRFGLILEAYCRGSTHHMKVLMKQGEALSKLKALNDFVKLSSQKTPKPQTKELMHLCMRQEAYLEALSHLQSPLDPSTLLAEVCVEQCTFMDSKMKPLWIMYSNEEAGSGGSVGIIFKNGDDLRQDMLTLQMIQLMDVLWKQEGLDLRMTPYGCLPTGDRTGLIEVVLRSDTIANIQLNKSNMAATAAFNKDALLNWLKSKNPGEALDRAIEEFTLSCAGYCVATYVLGIGDRHSDNIMIRESGQLFHIDFGHFLGNFKTKFGINRERVPFILTYDFVHVIQQGKTNNSEKFERFRGYCERAYTILRRHGLLFLHLFALMRAAGLPELSCSKDIQYLKDSLALGKTEEEALKHFRVKFNEALRESWKTKVNWLAHNVSKDNRQ,1044,87.94,AF-O00329-F1,GDM,AlphaFold Monomer v2.0 pipeline,6,0.036,0.083,0.192,0.689
O43237,MAPVGVEKKLLLGPNGPAVAAAGDLTSEEEEGQSLWSSILSEVSTRARSKLPSGKNILVFGEDGSGKTTLMTKLQGAEHGKKGRGLEYLYLSVHDEDRDDHTRCNVWILDGDLYHKGLLKFAVSAESLPETLVIFVADMSRPWTVMESLQKWASVLREHIDKMKIPPEKMRELERKFVKDFQDYMEPEEGCQGSPQRRGPLTSGSDEENVALPLGDNVLTHNLGIPVLVVCTKCDAVSVLEKEHDYRDEHLDFIQSHLRRFCLQYGAALIYTSVKEEKNLDLLYKYIVHKTYGFHFTTPALVVEKDAVFIPAGWDNEKKIAILHENFTTVKPEDAYEDFIVKPPVRKLVHDKELAAEDEQVFLMKQQSLLAKQPATPTRASESPARGPSGSPRTQGRGGPASVPSSSPGTSVKKPDPNIKNNAASEGVLASFFNSLLSKKTGSPGSPGAGGVQSTAKKSGQKTVLSNVQEELDRMTRKPDSMVTNSSTENEA,492,61.5,AF-O43237-F1,GDM,AlphaFold Monomer v2.0 pipeline,6,0.333,0.23,0.425,0.012
O43854,MKRSVAVWLLVGLSLGVPQFGKGDICDPNPCENGGICLPGLADGSFSCECPDGFTDPNCSSVVEVASDEEEPTSAGPCTPNPCHNGGTCEISEAYRGDTFIGYVCKCPRGFNGIHCQHNINECEVEPCKNGGICTDLVANYSCECPGEFMGRNCQYKCSGPLGIEGGIISNQQITASSTHRALFGLQKWYPYYARLNKKGLINAWTAAENDRWPWIQINLQRKMRVTGVITQGAKRIGSPEYIKSYKIAYSNDGKTWAMYKVKGTNEDMVFRGNIDNNTPYANSFTPPIKAQYVRLYPQVCRRHCTLRMELLGCELSGCSEPLGMKSGHIQDYQITASSIFRTLNMDMFTWEPRKARLDKQGKVNAWTSGHNDQSQWLQVDLLVPTKVTGIITQGAKDFGHVQFVGSYKLAYSNDGEHWTVYQDEKQRKDKVFQGNFDNDTHRKNVIDPPIYARHIRILPWSWYGRITLRSELLGCTEEE,480,87.62,AF-O43854-F1,GDM,AlphaFold Monomer v2.0 pipeline,6,0.067,0.042,0.217,0.675
O15245,MPTVDDILEQVGESGWFQKQAFLILCLLSAAFAPICVGIVFLGFTPDHHCQSPGVAELSQRCGWSPAEELNYTVPGLGPAGEAFLGQCRRYEVDWNQSALSCVDPLASLATNRSHLPLGPCQDGWVYDTPGSSIVTEFNLVCADSWKLDLFQSCLNAGFLFGSLGVGYFADRFGRKLCLLGTVLVNAVSGVLMAFSPNYMSMLLFRLLQGLVSKGNWMAGYTLITEFVGSGSRRTVAIMYQMAFTVGLVALTGLAYALPHWRWLQLAVSLPTFLFLLYYWCVPESPRWLLSQKRNTEAIKIMDHIAQKNGKLPPADLKMLSLEEDVTEKLSPSFADLFRTPRLRKRTFILMYLWFTDSVLYQGLILHMGATSGNLYLDFLYSALVEIPGAFIALITIDRVGRIYPMAMSNLLAGAACLVMIFISPDLHWLNIIIMCVGRMGITIAIQMICLVNAELYPTFVRNLGVMVCSSLCDIGGIITPFIVFRLREVWQALPLILFAVLGLLAAGVTLLLPETKGVALPETMKDAENLGRKAKPKENTIYLKVQTSEPSGT,554,84.25,AF-O15245-F1,GDM,AlphaFold Monomer v2.0 pipeline,6,0.051,0.054,0.498,0.397
B3KU38,MRLEELKRLQNPLEQVNDGKYSFENHQLAMDAENNIEKYPLNLQPLESKVKIIQRAWREYLQRQEPLGKRSPSPPSVSSEKLSSSVSMNTFSDSSTPDYREDGMDLGSDAGSSSSSSRASSQSNSTKVTPCSECKSSSSPGGSLDLVSALEDYEEPFPVYQKKVIDEWAPEEDGEEEEEEDERDQRGYRDDRSPAREPGDVSARTRSGGGGGRSATTAMPPPVPNGNLHQHDPQDLRHNGNVVVAGRPSCSRGPRRAIQKPQPAGGRRSGRGPAAGGLCLQPPDGGTCVPEEPPVPPMDWEALEKHLAGLQFREQEVRNQGQARTNSTSAQKNERESIRQKLALGSFFDDGPGIYTSCSKSGKPSLSSRLQSGMNLQICFVNDSGSDKDSDADDSKTETSLDTPLSPMSKQSSSYSDRDTTEEESESLDDMDFLTRQKKLQAEAKMALAMAKPMAKMQVEVEKQNRKKSPVADLLPHMPHISECLMKRSLKPTDLRDMTIGQLQVIVNDLHSQIESLNEELVQLLLIRDELHTEQDAMLVDIEDLTRHAESQQKHMAEKMPAK,563,57.47,AF-B3KU38-F1,GDM,AlphaFold Monomer v2.0 pipeline,6,0.513,0.197,0.179,0.11
O43172,MASSRASSTQATKTKAPDDLVAPVVKKPHIYYGSLEEKERERLAKGESGILGKDGLKAGIEAGNINITSGEVFEIEEHISERQAEVLAEFERRKRARQINVSTDDSEVKACLRALGEPITLFGEGPAERRERLRNILSVVGTDALKKTKKDDEKSKKSKEEYQQTWYHEGPNSLKVARLWIANYSLPRAMKRLEEARLHKEIPETTRTSQMQELHKSLRSLNNFCSQIGDDRPISYCHFSPNSKMLATACWSGLCKLWSVPDCNLLHTLRGHNTNVGAIVFHPKSTVSLDPKDVNLASCAADGSVKLWSLDSDEPVADIEGHTVRVARVMWHPSGRFLGTTCYDRSWRLWDLEAQEEILHQEGHSMGVYDIAFHQDGSLAGTGGLDAFGRVWDLRTGRCIMFLEGHLKEIYGINFSPNGYHIATGSGDNTCKVWDLRQRRCVYTIPAHQNLVTGVKFEPIHGNFLLTGAYDNTAKIWTHPGWSPLKTLAGHEGKVMGLDISSDGQLIATCSYDRTFKLWMAE,522,82.06,AF-O43172-F1,GDM,AlphaFold Monomer v2.0 pipeline,6,0.08,0.109,0.377,0.433
O43865,MSMPDAMPLPGVGEELKQAKEIEDAEKYSFMATVTKAPKKQIQFADDMQEFTKFPTKTGRRSLSRSISQSSTDSYSSAASYTDSSDDEVSPREKQQTNSKGSSNFCVKNIKQAEFGRREIEIAEQDMSALISLRKRAQGEKPLAGAKIVGCTHITAQTAVLIETLCALGAQCRWSACNIYSTQNEVAAALAEAGVAVFAWKGESEDDFWWCIDRCVNMDGWQANMILDDGGDLTHWVYKKYPNVFKKIRGIVEESVTGVHRLYQLSKAGKLCVPAMNVNDSVTKQKFDNLYCCRESILDGLKRTTDVMFGGKQVVVCGYGEVGKGCCAALKALGAIVYITEIDPICALQACMDGFRVVKLNEVIRQVDVVITCTGNKNVVTREHLDRMKNSCIVCNMGHSNTEIDVTSLRTPELTWERVRSQVDHVIWPDGKRVVLLAEGRLLNLSCSTVPTFVLSITATTQALALIELYNAPEGRYKQDVYLLPKKMDEYVASLHLPSFDAHLTELTDDQAKYLGLNKNGPFKPNYYRY,530,85.25,AF-O43865-F1,GDM,AlphaFold Monomer v2.0 pipeline,6,0.162,0.004,0.057,0.777
A0A1B0GTW7,MLLLLLLLLLLPPLVLRVAASRCLHDETQKSVSLLRPPFSQLPSKSRSSSLTLPSSRDPQPLRIQSCYLGDHISDGAWDPEGEGMRGGSRALAAVREATQRIQAVLAVQGPLLLSRDPAQYCHAVWGDPDSPNYHRCSLLNPGYKGESCLGAKIPDTHLRGYALWPEQGPPQLVQPDGPGVQNTDFLLYVRVAHTSKCHQETVSLCCPGWSTAAQSQLTAALTSWAQRRGFVMLPRLCLKLLGSSNLPTLASQSIRITGPSVIAYAACCQLDSEDRPLAGTIVYCAQHLTSPSLSHSDIVMATLHELLHALGFSGQLFKKWRDCPSGFSVRENCSTRQLVTRQDEWGQLLLTTPAVSLSLAKHLGVSGASLGVPLEEEEGLLSSHWEARLLQGSLMTATFDGAQRTRLDPITLAAFKDSGWYQVNHSAAEELLWGQGSGPEFGLVTTCGTGSSDFFCTGSGLGCHYLHLDKGSCSSDPMLEGCRMYKPLANGSECWKKENGFPAGVDNPHGEIYHPQSRCFFANLTSQLLPGDKPRHPSLTPHLKEAELMGRCYLHQCTGRGAYKVQVEGSPWVPCLPGKVIQIPGYYGLLFCPRGRLCQTNEDINAVTSPPVSLSTPDPLFQLSLELAGPPGHSLGKEQQEGLAEAVLEALASKGGTGRCYFHGPSITTSLVFTVHMWKSPGCQGPSVATLHKALTLTLQKKPLEVYHGGANFTTQPSKLLVTSDHNPSMTHLRLSMGLCLMLLILVGVMGTTAYQKRATLPVRPSASYHSPELHSTRVPVRGIREV,788,73.44,AF-A0A1B0GTW7-F1,GDM,AlphaFold Monomer v2.0 pipeline,6,0.237,0.082,0.34,0.34
O00254,MKALIFAAAGLLLLLPTFCQSGMENDTNNLAKPTLPIKTFRGAPPNSFEEFPFSALEGWTGATITVKIKCPEESASHLHVKNATMGYLTSSLSTKLIPAIYLLVFVVGVPANAVTLWMLFFRTRSICTTVFYTNLAIADFLFCVTLPFKIAYHLNGNNWVFGEVLCRATTVIFYGNMYCSILLLACISINRYLAIVHPFTYRGLPKHTYALVTCGLVWATVFLYMLPFFILKQEYYLVQPDITTCHDVHNTCESSSPFQLYYFISLAFFGFLIPFVLIIYCYAAIIRTLNAYDHRWLWYVKASLLILVIFTICFAPSNIILIIHHANYYYNNTDGLYFIYLIALCLGSLNSCLDPFLYFLMSKTRNHSTAYLTK,374,76.31,AF-O00254-F1,GDM,AlphaFold Monomer v2.0 pipeline,6,0.147,0.15,0.364,0.34
O15540,MVEAFCATWKLTNSQNFDEYMKALGVGFATRQVGNVTKPTVIISQEGDKVVIRTLSTFKNTEISFQLGEEFDETTADDRNCKSVVSLDGDKLVHIQKWDGKETNFVREIKDGKMVMTLTFGDVVAVRHYEKA,132,96.31,AF-O15540-F1,GDM,AlphaFold Monomer v2.0 pipeline,6,0.0,0.0,0.03,0.97
O15247,MSGLRPGTQVDPEIELFVKAGSDGESIGNCPFCQRLFMILWLKGVKFNVTTVDMTRKPEELKDLAPGTNPPFLVYNKELKTDFIKIEEFLEQTLAPPRYPHLSPKYKESFDVGCNLFAKFSAYIKNTQKEANKNFEKSLLKEFKRLDDYLNTPLLDEIDPDSAEEPPVSRRLFLDGDQLTLADCSLLPKLNIIKVAAKKYRDFDIPAEFSGVWRYLHNAYAREEFTHTCPEDKEIENTYANVAKQKS,247,92.94,AF-O15247-F1,GDM,AlphaFold Monomer v2.0 pipeline,6,0.028,0.02,0.105,0.846
O15551,MSMGLEITGTALAVLGWLGTIVCCALPMWRVSAFIGSNIITSQNIWEGLWMNCVVQSTGQMQCKVYDSLLALPQDLQAARALIVVAILLAAFGLLVALVGAQCTNCVQDDTAKAKITIVAGVLFLLAALLTLVPVSWSANTIIRDFYNPVVPEAQKREMGAGLYVGWAAAALQLLGGALLCCSCPPREKKYTATKVVYSAPRSTGPGASLGTGYDRKDYV,220,81.56,AF-O15551-F1,GDM,AlphaFold Monomer v2.0 pipeline,6,0.086,0.136,0.305,0.473
O14908,MPLGLGRRKKAPPLVENEEAEPGRGGLGVGEPGPLGGGGSGGPQMGLPPPPPALRPRLVFHTQLAHGSPTGRIEGFTNVKELYGKIAEAFRLPTAEVMFCTLNTHKVDMDKLLGGQIGLEDFIFAHVKGQRKEVEVFKSEDALGLTITDNGAGYAFIKRIKEGSVIDHIHLISVGDMIEAINGQSLLGCRHYEVARLLKELPRGRTFTLKLTEPRKAFDMISQRSAGGRPGSGPQLGTGRGTLRLRSRGPATVEDLPSAFEEKAIEKVDDLLESYMGIRDTELAATMVELGKDKRNPDELAEALDERLGDFAFPDEFVFDVWGAIGDAKVGRY,333,80.5,AF-O14908-F1,GDM,AlphaFold Monomer v2.0 pipeline,6,0.204,0.048,0.168,0.58
O14804,MRAVFIQGAEEHPAAFCYQVNGSCPRTVHTLGIQLVIYLACAAGMLIIVLGNVFVAFAVSYFKALHTPTNFLLLSLALADMFLGLLVLPLSTIRSVESCWFFGDFLCRLHTYLDTLFCLTSIFHLCFISIDRHCAICDPLLYPSKFTVRVALRYILAGWGVPAAYTSLFLYTDVVETRLSQWLEEMPCVGSCQLLLNKFWGWLNFPLFFVPCLIMISLYVKIFVVATRQAQQITTLSKSLAGAAKHERKAAKTLGIAVGIYLLCWLPFTIDTMVDSLLHFITPPLVFDIFIWFAYFNSACNPIIYVFSYQWFRKALKLTLSQKVFSPQTRTVDLYQE,337,85.19,AF-O14804-F1,GDM,AlphaFold Monomer v2.0 pipeline,6,0.068,0.039,0.383,0.51
O14994,MNFLRRRLSDSSFMANLPNGYMTDLQRPDSSTSSPASPAMERRHPQPLAASFSSPGSSLFSSLSSAMKQAPQATSGLMEPPGPSTPIVQRPRILLVIDDAHTDWSKYFHGKKVNGEIEIRVEQAEFSELNLAAYVTGGCMVDMQVVRNGTKVVSRSFKPDFILVRQHAYSMALGEDYRSLVIGLQYGGLPAVNSLYSVYNFCSKPWVFSQLIKIFHSLGPEKFPLVEQTFFPNHKPMVTAPHFPVVVKLGHAHAGMGKIKVENQLDFQDITSVVAMAKTYATTEAFIDSKYDIRIQKIGSNYKAYMRTSISGNWKANTGSAMLEQVAMTERYRLWVDSCSEMFGGLDICAVKAVHSKDGRDYIIEVMDSSMPLIGEHVEEDRQLMADLVVSKMSQLPMPGGTAPSPLRPWAPQIKSAKSPGQAQLGPQLGQPQPRPPPQGGPRQAQSPQPQRSGSPSQQRLSPQGQQPLSPQSGSPQQQRSPGSPQLSRASSGSSPNQASKPGATLASQPRPPVQGRSTSQQGEESKKPAPPHPHLNKSQSLTNSLSTSDTSQRGTPSEDEAKAETIRNLRKSFASLFSD,580,72.56,AF-O14994-F1,GDM,AlphaFold Monomer v2.0 pipeline,6,0.371,0.072,0.066,0.491
O14613,MSTKVPIYLKRGSRKGKKEKLRDLLSSDMISPPLGDFRHTIHIGSGGGSDMFGDISFLQGKFHLLPGTMVEGPEEDGTFDLPFQFTRTATVCGRELPDGPSPLLKNAISLPVIGGPQALTLPTAQAPPKPPRLHLETPQPSPQEGGSVDIWRIPETGSPNSGLTPESGAEEPFLSNASSLLSLHVDLGPSILDDVLQIMDQDLDSMQIPT,210,61.66,AF-O14613-F1,GDM,AlphaFold Monomer v2.0 pipeline,6,0.329,0.338,0.305,0.029
O00624,MDGKPATRKGPDFCSLRYGLALIMHFSNFTMITQRVSLSIAIIAMVNTTQQQGLSNASTEGPVADAFNNSSISIKEFDTKASVYQWSPETQGIIFSSINYGIILTLIPSGYLAGIFGAKKMLGAGLLISSLLTLFTPLAADFGVILVIMVRTVQGMAQGMAWTGQFTIWAKWAPPLERSKLTTIAGSGSAFGSFIILCVGGLISQALSWPFIFYIFGSTGCVCCLLWFTVIYDDPMHHPCISVREKEHILSSLAQQPSSPGRAVPIKAMVTCLPLWAIFLGFFSHFWLCTIILTYLPTYISTLLHVNIRDSGVLSSLPFIAAASCTILGGQLADFLLSRNLLRLITVRKLFSSLGLLLPSICAVALPFVASSYVITIILLILIPGTSNLCDSGFIINTLDIAPRYASFLMGISRGFGLIAGIISSTATGFLISQVGPVY,439,83.12,AF-O00624-F1,GDM,AlphaFold Monomer v2.0 pipeline,6,0.103,0.03,0.362,0.506
O15119,MSLSMRDPVIPGTSMAYHPFLPHRAPDFAMSAVLGHQPPFFPALTLPPNGAAALSLPGALAKPIMDQLVGAAETGIPFSSLGPQAHLRPLKTMEPEEEVEDDPKVHLEAKELWDQFHKRGTEMVITKSGRRMFPPFKVRCSGLDKKAKYILLMDIIAADDCRYKFHNSRWMVAGKADPEMPKRMYIHPDSPATGEQWMSKVVTFHKLKLTNNISDKHGFTLAFPSDHATWQGNYSFGTQTILNSMHKYQPRFHIVRANDILKLPYSTFRTYLFPETEFIAVTAYQNDKITQLKIDNNPFAKGFRDTGNGRREKRKQLTLQSMRVFDERHKKENGTSDESSSEQAAFNCFAQASSPAASTVGTSNLKDLCPSEGESDAEAESKEEHGPEACDAAKISTTTSEEPCRDKGSPAVKAHLFAAERPRDSGRLDKASPDSRHSPATISSSTRGLGAEERRSPVREGTAPAKVEEARALPGKEAFAPLTVQTDAAAAHLAQGPLPGLGFAPGLAGQQFFNGHPLFLHPSQFAMGGAFSSMAAAGMGPLLATVSGASTGVSGLDSTAMASAAAAQGLSGASAATLPFHLQQHVLASQGLAMSPFGSLFPYPYTYMAAAAAASSAAASSSVHRHPFLNLNTMRPRLRYSPYSIPVPVPDGSSLLTTALPSMAAAAGPLDGKVAALAASPASVAVDSGSELNSRSSTLSSSSMSLSPKLCAEKEAATSELQSIQRLVSGLEAKPDRSRSASP,743,54.91,AF-O15119-F1,GDM,AlphaFold Monomer v2.0 pipeline,6,0.669,0.073,0.046,0.213
O43914,MGGLEPCSRLLLLPLLLAVSGLRPVQAQAQSDCSCSTVSPGVLAGIVMGDLVLTVLIALAVYFLGRLVPRGRGAAEAATRKQRITETESPYQELQGQRSDVYSDLNTQRPYYK,113,64.62,AF-O43914-F1,GDM,AlphaFold Monomer v2.0 pipeline,6,0.142,0.584,0.115,0.159
A6H8Y1,MFRRARLSVKPNVRPGVGARGSTASNPQRGRESPRPPDPATDSASKPAEPTDVPTVDFGGAEPQEKAPRSSTEKTGGDNDVEESSRSSSTVSQRRKRISSTSSLVKSSVSVPSESHPLSTINQEAPQPTATSTKEKQPCSDRYRIYKAQKLREMLKEELRKEKKQWKNKYAINESQRPPDRSKMTMRDFIYYLPDNNPMTSSLEQEKKTEKPSTPVQTREQEGKSTPNAEDNEMEEETDDGPLLVPRVKVAEDGSIILDEESLTVEVLRTKGPCVVEENDPIFERGSTTTYSSFRKNYYSKPWSNKETDMFFLAISMVGTDFSMIGQLFPHRARIEIKNKFKREEKTNGWRIDKAFQEKRPFDFDFFAHLLQKVLAEEEKRKQKSVKNHSLKEKKSTKPRKNVKVKKVACEGVNNDPDESMSSRISDTERSQKDAQTVEEESLTLSREDAEQVALEVDLNQKKRRRKKQDGANELGVNNLLENATVQAGPSKGEKHKNKCQAIRPELKEGECSKEQMLSCTQNIDGIVGFASTEKVEKRTDPILSLSNQQDATSVATESSESSTSDLPSFEVGIRALCEVNNAEGSCIEERNVDLKNNSLEIDQTENVKPMLRGRFQRPKPNLSRAGKKSVLSQGKTESESKNSHSKTSVEKNHVEKDKMNTLDILRMETTERENPEAETVSVLGEKNCLQEGSQLKALRPVQVRGRLQKPKPNAGKAAERKEILISQEEIGANVEKNENESCADRDTPQHMEDQSRKDFEEEDVILQPEKNDSFQNVQPDEPKVLNECLSVQENNKANKLNQVPILRTRFQKPKPNIGRGTGRREISSKEEVLEKILVSGEMAAALRETVRLDTSPKEMVPAEINTKEMQSDLKETGRRAISPREKILDVIDDTIEMETGLKAMGREICLREKTPEVIDATEEIDKDLEEAGRREISPQKNGPEEVKPLGEVETDLKATGNESSPREKTPEVTDATEEIDKNLEETGRRKISPRENGPEEVKPVDEMETDLNATGRESSPREKTPEVIDATEEIDLEETEREVSPQENGLEEVKPLGEMETDLKATGRDSFPRGKTPEVIDAIEEIEIDLEETEREISPQENGLEEVKPLGEMQTDLKATGREISPREKTPEVIDATEEIDKDLEETGRREISPEENGPEEVKPVDEMETDLKTTGREGSSREKTREVIDAAEVIETDLEETEREISPQENGPEEVKPVGKMETDLKEIREEISQREKVLAEFSAIREKEIDLKETGKRDIPIMEKVSGKMAVVEEMEADLKETGKENFRERGSEEICVTEEKVAELKQTGKTDISPRENELEETSTSRQTDTHLMQSGSNDFSAVPSLDIQNISSEVLSMMHTPVEEKRNSEKEVSSHFSHFKISSQTHESDKTEVQGIQSPDVPEQFSDINLSKSLPQEQKPLEIKPAPFVRSRFKRPKPNLARAALKRETTESEKYIYEKKSETKKMETIVMQENNEQTDTLPSQHDEASLMISREKDTLGHRNEEAVILPCTQTERNLSPSNSCEPKEESQSAPVQKNDSVVSVGTNNVNTFQQEMKESVIQTARQVRGRLQRPRPNIRKTGQRQIVDKGEAKGIIKEGRTILPKDETEKKVLTVSNSQIETEIEVPSSAVPEHRMYENQSQVVLVENLHVNKTNETIRHENKPYVPSSAQMTRRKFQKAKPNLGRAHSKKEEPVLEKVTTDQSKEGKPEDHLLQKGASNTQLLLKEKAELLTSLEVSARKDCVGSKESALAKIDAELEEVGPSRRVGEETVGDNSPSSVVEEQYLNKLTSCPQPLNETSYSKIALDGKTTISSTSEYERNRGERRSHKKFKPNVTRGRGSKRVRGKTSKKEPRASKAMLVTLRASQEEDDDADDFESDYEEESYHLAPEEVNKAPVFVPVGLRSPEPVSAQIEETMEELEITVNVPDVGCIAVVEHELPNTDVTTEEMKQEENLSVPFEMTTSEHIQDEPGTNDGSTEAAITLLTMGDLVLQSEISSEQGDVGVCIIPHVHSKDKSHIPSSLDNVNHKIVHECQELSSPVITTSPASFEENKIVLEEQSSREEISLMEKVKENATPTRNTISKVTSNLRIRSRLAKPKPNLEKTLGTNRLDDYQEVSSLCVTKGAEMETQRETEKNASKATELENKNLGPVTTAENKDQSKLACVHGIKGTSISSEVNLTERNENQEESSQEVHMLSVAPVASSETGPCTLGLDRGLGENSVEEPQIKDSKGDSVLTLPVPEYTPTSIPEVQQENIINPQDLTVNLVANVPQDGEDEQAFILTLVEIPANAVEEFTDATAQFMPNPLLPAPILVKSVNTEERGDMSICLPATSVGQDAMGLSISGRDNSKKPPDNLDLVSRKRFQCRLDKNDHIPPAKKRSLTLRDDCQEYTTEVHSKELTNVFEETGESHKGQDIFLTSGSTLTTPEPQRQQVEAAFQSRGSRSPDACMDKNVPQLPQDEMIVSDKEERTDAAPKSQQMDSRTSSSKASLSRPGRRPLGFLSLICSKNSLESDEPMQVHSKKRLKPLIPGLRKKLKRSNPFNESQEKNRESSDLLPSPSVITTQSENISSSATQVSCDQPLLKEGYKSAQKRAPQGEATTVSEYFFNDIFIEVDETE,2624,36.97,AF-A6H8Y1-F1,GDM,AlphaFold Monomer v2.0 pipeline,6,0.917,0.03,0.028,0.024
O43823,MDQGYGGYGAWSAGPANTQGAYGTGVASWQGYENYNYYGAQNTSVTTGATYSYGPASWEAAKANDGGLAAGAPAMHMASYGPEPCTDNSDSLIAKINQRLDMMSKEGGRGGSGGGGEGIQDRESSFRFQPFESYDSRPCLPEHNPYRPSYSYDYEFDLGSDRNGSFGGQYSECRDPARERGSLDGFMRGRGQGRFQDRSNPGTFMRSDPFVPPAASSEPLSTPWNELNYVGGRGLGGPSPSRPPPSLFSQSMAPDYGVMGMQGAGGYDSTMPYGCGRSQPRMRDRDRPKRRGFDRFGPDGTGRKRKQFQLYEEPDTKLARVDSEGDFSENDDAAGDFRSGDEEFKGEDELCDSGRQRGEKEDEDEDVKKRREKQRRRDRTRDRAADRIQFACSVCKFRSFDDEEIQKHLQSKFHKETLRFISTKLPDKTVEFLQEYIVNRNKKIEKRRQELMEKETAKPKPDPFKGIGQEHFFKKIEAAHCLACDMLIPAQPQLLQRHLHSVDHNHNRRLAAEQFKKTSLHVAKSVLNNRHIVKMLEKYLKGEDPFTSETVDPEMEGDDNLGGEDKKETPEEVAADVLAEVITAAVRAVDGEGAPAPESSGEPAEDEGPTDTAEAGSDPQAEQLLEEQVPCGTAHEKGVPKARSEAAEAGNGAETMAAEAESAQTRVAPAPAAADAEVEQTDAESKDAVPTE,692,52.66,AF-O43823-F1,GDM,AlphaFold Monomer v2.0 pipeline,6,0.633,0.134,0.208,0.025
O00560,MSLYPSLEDLKVDKVIQAQTAFSANPANPAILSEASAPIPHDGNLYPRLYPELSQYMGLSLNEEEIRANVAVVSGAPLQGQLVARPSSINYMVAPVTGNDVGIRRAEIKQGIREVILCKDQDGKIGLRLKSIDNGIFVQLVQANSPASLVGLRFGDQVLQINGENCAGWSSDKAHKVLKQAFGEKITMTIRDRPFERTITMHKDSTGHVGFIFKNGKITSIVKDSSAARNGLLTEHNICEINGQNVIGLKDSQIADILSTSGTVVTITIMPAFIFEHIIKRMAPSIMKSLMDHTIPEV,298,83.0,AF-O00560-F1,GDM,AlphaFold Monomer v2.0 pipeline,6,0.141,0.074,0.161,0.624
O14926,MPTNGLHQVLKIQFGLVNDTDRYLTAESFGFKVNASAPSLKRKQTWVLEPDPGQGTAVLLRSSHLGRYLSAEEDGRVACEAEQPGRDCRFLVLPQPDGRWVLRSEPHGRFFGGTEDQLSCFATAVSPAELWTVHLAIHPQAHLLSVSRRRYVHLCPREDEMAADGDKPWGVDALLTLIFRSRRYCLKSCDSRYLRSDGRLVWEPEPRACYTLEFKAGKLAFKDCDGHYLAPVGPAGTLKAGRNTRPGKDELFDLEESHPQVVLVAANHRYVSVRQGVNVSANQDDELDHETFLMQIDQETKKCTFYSSTGGYWTLVTHGGIHATATQVSANTMFEMEWRGRRVALKASNGRYVCMKKNGQLAAISDFVGKDEEFTLKLINRPILVLRGLDGFVCHHRGSNQLDTNRSVYDVFHLSFSDGAYRIRGRDGGFWYTGSHGSVCSDGERAEDFVFEFRERGRLAIRARSGKYLRGGASGLLRADADAPAGTALWEY,492,93.62,AF-O14926-F1,GDM,AlphaFold Monomer v2.0 pipeline,6,0.006,0.022,0.089,0.882
A3KN83,MVEPGQDLLLAALSESGISPNDLFDIDGGDAGLATPMPTPSVQQSVPLSALELGLETEAAVPVKQEPETVPTPALLNVRQQPPSTTTFVLNQINHLPPLGSTIVMTKTPPVTTNRQTITLTKFIQTTASTRPSVSAPTVRNAMTSAPSKDQVQLKDLLKNNSLNELMKLKPPANIAQPVATAATDVSNGTVKKESSNKEGARMWINDMKMRSFSPTMKVPVVKEDDEPEEEDEEEMGHAETYAEYMPIKLKIGLRHPDAVVETSSLSSVTPPDVWYKTSISEETIDNGWLSALQLEAITYAAQQHETFLPNGDRAGFLIGDGAGVGKGRTIAGIIYENYLLSRKRALWFSVSNDLKYDAERDLRDIGAKNILVHSLNKFKYGKISSKHNGSVKKGVIFATYSSLIGESQSGGKYKTRLKQLLHWCGDDFDGVIVFDECHKAKNLCPVGSSKPTKTGLAVLELQNKLPKARVVYASATGASEPRNMAYMNRLGIWGEGTPFREFSDFIQAVERRGVGAMEIVAMDMKLRGMYIARQLSFTGVTFKIEEVLLSQSYVKMYNKAVKLWVIARERFQQAADLIDAEQRMKKSMWGQFWSAHQRFFKYLCIASKVKRVVQLAREEIKNGKCVVIGLQSTGEARTLEALEEGGGELNDFVSTAKGVLQSLIEKHFPAPDRKKLYSLLGIDLTAPSNNSSPRDSPCKENKIKKRKGEEITREAKKARKVGGLTGSSSDDSGSESDASDNEESDYESSKNMSSGDDDDFNPFLDESNEDDENDPWLIRKDHKKNKEKKKKKSIDPDSIQSALLASGLGSKRPSFSSTPVISPAPNSTPANSNTNSNSSLITSQDAVERAQQMKKDLLDKLEKLAEDLPPNTLDELIDELGGPENVAEMTGRKGRVVSNDDGSISYESRSELDVPVEILNITEKQRFMDGDKNIAIISEAASSGISLQADRRAKNQRRRVHMTLELPWSADRAIQQFGRTHRSNQVTAPEYVFLISELAGEQRFASIVAKRLESLGALTHGDRRATESRDLSRFNFDNKYGRNALEIVMKSIVNLDSPMVSPPPDYPGEFFKDVRQGLIGVGLINVEDRSGILTLDKDYNNIGKFLNRILGMEVHQQNALFQYFADTLTAVVQNAKKNGRYDMGILDLGSGDEKVRKSDVKKFLTPGYSTSGHVELYTISVERGMSWEEATKIWAELTGPDDGFYLSLQIRNNKKTAILVKEVNPKKKLFLVYRPNTGKQLKLEIYADLKKKYKKVVSDDALMHWLDQYNSSADTCTHAYWRGNCKKASLGLVCEIGLRCRTYYVLCGSVLSVWTKVEGVLASVSGTNVKMQIVRLRTEDGQRIVGLIIPANCVSPLVNLLSTSDQSQQLAVQQKQLWQQHHPQSITNLSNA,1393,67.31,AF-A3KN83-F1,GDM,AlphaFold Monomer v2.0 pipeline,6,0.316,0.079,0.423,0.182
O14654,MASCSFTRDQATRRLRGAAAAAAAALAAVVTTPLLSSGTPTALIGTGSSCPGAMWLSTATGSRSDSESEEEDLPVGEEVCKRGYLRKQKHGHRRYFVLKLETADAPARLEYYENARKFRHSVRAAAAAAAAAASGAAIPPLIPPRRVITLYQCFSVSQRADARYRHLIALFTQDEYFAMVAENESEQESWYLLLSRLILESKRRRCGTLGAQPDGEPAALAAAAAAEPPFYKDVWQVIVKPRGLGHRKELSGVFRLCLTDEEVVFVRLNTEVASVVVQLLSIRRCGHSEQYFFLEVGRSTVIGPGELWMQVDDCVVAQNMHELFLEKMRALCADEYRARCRSYSISIGAHLLTLLSARRHLGLVPLEPGGWLRRSRFEQFCHLRAIGDGEDEMLFTRRFVTPSEPVAHSRRGRLHLPRGRRSRRAVSVPASFFRRLAPSPARPRHPAEAPNNGARLSSEVSGSGSGNFGEEGNPQGKEDQEGSGGDYMPMNNWGSGNGRGSGGGQGSNGQGSSSHSSGGNQCSGEGQGSRGGQGSNGQGSGGNQCSRDGQGTAGGHGSGGGQRPGGGHGSGGGQGPGDGHGSGGGKNSGGGKGSGSGKGSDGDGERGKSLKKRSYFGKLTQSKQQQMPPPPPPPPPPPPAGGTGGKGKSGGRFRLYFCVDRGATKECKEAKEVKDAEIPEGAARGPHRARAFDEDEDDPYVPMRPGVATPLVSSSDYMPMAPQNVSASKKRHSRSPFEDSRGYMMMFPRVSPPPAPSPPKAPDTNKEDDSKDNDSESDYMFMAPGAGAIPKNPRNPQGGSSSKSWSSYFSLPNPFRSSPLGQNDNSEYVPMLPGKFLGRGLDKEVSYNWDPKDAASKPSGEGSFSKPGDGGSPSKPSDHEPPKNKAKRPNRLSFITKGYKIKPKPQKPTHEQREADSSSDYVNMDFTKRESNTPAPSTQGLPDSWGIIAEPRQSAFSNYVNVEFGVPFPNPANDLSDLLRAIPRANPLSLDSARWPLPPLPLSATGSNAIEEEGDYIEVIFNSAMTPAMALADSAIRYDAETGRIYVVDPFSECCMDISLSPSRCSEPPPVARLLQEEEQERRRPQSRSQSFFAAARAAVSAFPTDSLERDLSPSSAPAVASAAEPTLALSQVVAAASALAAAPGIGAAAAAAGFDSASARWFQPVANAADAEAVRGAQDVAGGSNPGAHNPSANLARGDNQAGGAAAAAAAPEPPPRSRRVPRPPEREDSDNDDDTHVRMDFARRDNQFDSPKRGR,1257,48.22,AF-O14654-F1,GDM,AlphaFold Monomer v2.0 pipeline,6,0.734,0.072,0.092,0.102
O43598,MAAAMVPGRSESWERGEPGRPALYFCGSIRGGREDRTLYERIVSRLRRFGTVLTEHVAAAELGARGEEAAGGDRLIHEQDLEWLQQADVVVAEVTQPSLGVGYELGRAVAFNKRILCLFRPQSGRVLSAMIRGAADGSRFQVWDYEEGEVEALLDRYFEADPPGQVAASPDPTT,174,85.38,AF-O43598-F1,GDM,AlphaFold Monomer v2.0 pipeline,6,0.109,0.103,0.075,0.713
O14907,MSYIPGQPVTAVVQRVEIHKLRQGENLILGFSIGGGIDQDPSQNPFSEDKTDKGIYVTRVSEGGPAEIAGLQIGDKIMQVNGWDMTMVTHDQARKRLTKRSEEVVRLLVTRQSLQKAVQQSMLS,124,91.25,AF-O14907-F1,GDM,AlphaFold Monomer v2.0 pipeline,6,0.008,0.073,0.153,0.766
